id,borrowId,adminId,returnedAt
RET-000001,TRX-000002,ADM-002,2025-07-07 22:14:27
RET-000002,TRX-000691,ADM-002,2025-01-11 22:14:27
RET-000003,TRX-001140,ADM-003,2025-06-03 22:14:27
RET-000004,TRX-000470,ADM-004,2025-05-16 22:14:27
RET-000005,TRX-000966,ADM-001,2025-02-02 22:14:27
RET-000006,TRX-000253,ADM-004,2025-08-17 22:14:27
RET-000007,TRX-001370,ADM-002,2025-08-10 22:14:27
RET-000008,TRX-001343,ADM-002,2025-09-29 22:14:27
RET-000009,TRX-001064,ADM-004,2025-09-23 22:14:27
RET-000010,TRX-000674,ADM-005,2025-06-14 22:14:27
RET-000011,TRX-000951,ADM-004,2024-12-15 22:14:27
RET-000012,TRX-001148,ADM-002,2025-05-13 22:14:27
RET-000013,TRX-000743,ADM-003,2025-10-25 22:14:27
RET-000014,TRX-000434,ADM-001,2024-12-20 22:14:27
RET-000015,TRX-000118,ADM-004,2025-01-13 22:14:27
RET-000016,TRX-000681,ADM-001,2025-02-01 22:14:27
RET-000017,TRX-000528,ADM-002,2025-07-14 22:14:27
RET-000018,TRX-001185,ADM-003,2025-06-12 22:14:27
RET-000019,TRX-000067,ADM-005,2025-05-27 22:14:27
RET-000020,TRX-001175,ADM-005,2025-04-24 22:14:27
RET-000021,TRX-001100,ADM-002,2025-04-28 22:14:27
RET-000022,TRX-000565,ADM-002,2025-09-06 22:14:27
RET-000023,TRX-000287,ADM-002,2025-03-16 22:14:27
RET-000024,TRX-000714,ADM-002,2025-08-20 22:14:27
RET-000025,TRX-001411,ADM-002,2025-11-01 22:14:27
RET-000026,TRX-000945,ADM-003,2025-03-25 22:14:27
RET-000027,TRX-000813,ADM-004,2025-11-10 22:14:27
RET-000028,TRX-001342,ADM-002,2025-10-31 22:14:27
RET-000029,TRX-001395,ADM-002,2025-04-26 22:14:27
RET-000030,TRX-000263,ADM-003,2025-07-24 22:14:27
RET-000031,TRX-001439,ADM-003,2025-05-22 22:14:27
RET-000032,TRX-001450,ADM-005,2025-04-28 22:14:27
RET-000033,TRX-000683,ADM-005,2025-11-24 22:14:27
RET-000034,TRX-000400,ADM-003,2025-04-29 22:14:27
RET-000035,TRX-000326,ADM-005,2025-11-07 22:14:27
RET-000036,TRX-000981,ADM-003,2025-10-19 22:14:27
RET-000037,TRX-000919,ADM-002,2024-12-20 22:14:27
RET-000038,TRX-001364,ADM-003,2025-08-02 22:14:27
RET-000039,TRX-000102,ADM-004,2025-05-17 22:14:27
RET-000040,TRX-000757,ADM-005,2025-06-09 22:14:27
RET-000041,TRX-000745,ADM-001,2025-02-09 22:14:27
RET-000042,TRX-001224,ADM-002,2024-12-15 22:14:27
RET-000043,TRX-000115,ADM-002,2025-06-30 22:14:27
RET-000044,TRX-000804,ADM-001,2024-12-07 22:14:27
RET-000045,TRX-001228,ADM-001,2025-07-19 22:14:27
RET-000046,TRX-000796,ADM-005,2025-03-15 22:14:27
RET-000047,TRX-000233,ADM-002,2025-09-30 22:14:27
RET-000048,TRX-000046,ADM-001,2025-03-30 22:14:27
RET-000049,TRX-000407,ADM-003,2024-12-18 22:14:27
RET-000050,TRX-001293,ADM-003,2025-01-08 22:14:27
RET-000051,TRX-001024,ADM-004,2025-07-23 22:14:27
RET-000052,TRX-000623,ADM-002,2025-05-29 22:14:27
RET-000053,TRX-000244,ADM-002,2025-02-13 22:14:27
RET-000054,TRX-001487,ADM-002,2025-11-04 22:14:27
RET-000055,TRX-000914,ADM-005,2025-03-11 22:14:27
RET-000056,TRX-001433,ADM-001,2025-04-16 22:14:27
RET-000057,TRX-000515,ADM-005,2025-03-17 22:14:27
RET-000058,TRX-000673,ADM-005,2025-04-02 22:14:27
RET-000059,TRX-001431,ADM-004,2025-06-08 22:14:27
RET-000060,TRX-000197,ADM-002,2025-03-31 22:14:27
RET-000061,TRX-000372,ADM-005,2025-10-01 22:14:27
RET-000062,TRX-001062,ADM-004,2025-07-11 22:14:27
RET-000063,TRX-000387,ADM-002,2025-11-08 22:14:27
RET-000064,TRX-001102,ADM-001,2025-03-02 22:14:27
RET-000065,TRX-001367,ADM-005,2025-06-04 22:14:27
RET-000066,TRX-001414,ADM-005,2025-07-02 22:14:27
RET-000067,TRX-000797,ADM-001,2024-12-24 22:14:27
RET-000068,TRX-001135,ADM-002,2025-03-08 22:14:27
RET-000069,TRX-001181,ADM-005,2025-07-09 22:14:27
RET-000070,TRX-000841,ADM-002,2025-01-02 22:14:27
RET-000071,TRX-000006,ADM-004,2025-04-21 22:14:27
RET-000072,TRX-001402,ADM-001,2025-05-14 22:14:27
RET-000073,TRX-000702,ADM-001,2025-11-11 22:14:27
RET-000074,TRX-000760,ADM-004,2025-05-05 22:14:27
RET-000075,TRX-001345,ADM-003,2025-11-15 22:14:27
RET-000076,TRX-000307,ADM-001,2025-06-27 22:14:27
RET-000077,TRX-000794,ADM-002,2025-05-09 22:14:27
RET-000078,TRX-000150,ADM-005,2025-03-25 22:14:27
RET-000079,TRX-000585,ADM-005,2025-09-26 22:14:27
RET-000080,TRX-000995,ADM-004,2024-12-29 22:14:27
RET-000081,TRX-000902,ADM-004,2025-09-13 22:14:27
RET-000082,TRX-001444,ADM-001,2025-07-02 22:14:27
RET-000083,TRX-000457,ADM-001,2024-12-23 22:14:27
RET-000084,TRX-000242,ADM-001,2025-03-01 22:14:27
RET-000085,TRX-000297,ADM-005,2024-12-20 22:14:27
RET-000086,TRX-001106,ADM-004,2025-09-03 22:14:27
RET-000087,TRX-000346,ADM-002,2025-02-28 22:14:27
RET-000088,TRX-000551,ADM-001,2025-12-02 22:14:27
RET-000089,TRX-000144,ADM-004,2025-11-10 22:14:27
RET-000090,TRX-000438,ADM-004,2025-03-03 22:14:27
RET-000091,TRX-000194,ADM-003,2025-01-29 22:14:27
RET-000092,TRX-000281,ADM-005,2025-01-20 22:14:27
RET-000093,TRX-000858,ADM-002,2025-06-10 22:14:27
RET-000094,TRX-000500,ADM-003,2025-01-22 22:14:27
RET-000095,TRX-001443,ADM-001,2025-04-18 22:14:27
RET-000096,TRX-000238,ADM-004,2025-08-14 22:14:27
RET-000097,TRX-001490,ADM-003,2025-01-11 22:14:27
RET-000098,TRX-000312,ADM-002,2025-08-13 22:14:27
RET-000099,TRX-000284,ADM-002,2025-02-20 22:14:27
RET-000100,TRX-001337,ADM-004,2025-06-08 22:14:27
RET-000101,TRX-001114,ADM-005,2025-09-12 22:14:27
RET-000102,TRX-001123,ADM-004,2025-03-17 22:14:27
RET-000103,TRX-001440,ADM-003,2025-02-13 22:14:27
RET-000104,TRX-001274,ADM-002,2024-12-25 22:14:27
RET-000105,TRX-001299,ADM-005,2025-05-22 22:14:27
RET-000106,TRX-000230,ADM-001,2025-07-13 22:14:27
RET-000107,TRX-001339,ADM-001,2025-09-27 22:14:27
RET-000108,TRX-001499,ADM-001,2025-04-28 22:14:27
RET-000109,TRX-000401,ADM-003,2025-07-01 22:14:27
RET-000110,TRX-000828,ADM-005,2025-06-22 22:14:27
RET-000111,TRX-000866,ADM-002,2025-08-01 22:14:27
RET-000112,TRX-000885,ADM-004,2025-09-01 22:14:27
RET-000113,TRX-000464,ADM-001,2025-05-06 22:14:27
RET-000114,TRX-000178,ADM-003,2025-07-20 22:14:27
RET-000115,TRX-000468,ADM-003,2024-12-21 22:14:27
RET-000116,TRX-000251,ADM-003,2025-05-11 22:14:27
RET-000117,TRX-000060,ADM-001,2025-06-17 22:14:27
RET-000118,TRX-001008,ADM-003,2025-06-15 22:14:27
RET-000119,TRX-001168,ADM-002,2025-07-06 22:14:27
RET-000120,TRX-000567,ADM-001,2025-06-14 22:14:27
RET-000121,TRX-000021,ADM-001,2025-09-11 22:14:27
RET-000122,TRX-000338,ADM-004,2025-07-11 22:14:27
RET-000123,TRX-000461,ADM-004,2025-07-24 22:14:27
RET-000124,TRX-000363,ADM-003,2025-07-06 22:14:27
RET-000125,TRX-001163,ADM-005,2025-03-06 22:14:27
RET-000126,TRX-001276,ADM-005,2025-09-02 22:14:27
RET-000127,TRX-000009,ADM-002,2025-05-22 22:14:27
RET-000128,TRX-000104,ADM-002,2025-03-02 22:14:27
RET-000129,TRX-001060,ADM-005,2025-01-29 22:14:27
RET-000130,TRX-000588,ADM-003,2025-12-04 22:14:27
RET-000131,TRX-000321,ADM-003,2025-02-21 22:14:27
RET-000132,TRX-001468,ADM-002,2025-06-06 22:14:27
RET-000133,TRX-000410,ADM-004,2025-06-11 22:14:27
RET-000134,TRX-001418,ADM-002,2024-12-17 22:14:27
RET-000135,TRX-000264,ADM-002,2025-02-13 22:14:27
RET-000136,TRX-001357,ADM-002,2025-03-13 22:14:27
RET-000137,TRX-000805,ADM-004,2025-04-14 22:14:27
RET-000138,TRX-001067,ADM-004,2025-11-01 22:14:27
RET-000139,TRX-000466,ADM-004,2025-01-22 22:14:27
RET-000140,TRX-000935,ADM-005,2025-06-05 22:14:27
RET-000141,TRX-001160,ADM-004,2025-04-24 22:14:27
RET-000142,TRX-000298,ADM-002,2025-05-28 22:14:27
RET-000143,TRX-001255,ADM-004,2025-11-07 22:14:27
RET-000144,TRX-001026,ADM-002,2025-01-23 22:14:27
RET-000145,TRX-001330,ADM-004,2025-05-02 22:14:27
RET-000146,TRX-001306,ADM-004,2025-10-06 22:14:27
RET-000147,TRX-001030,ADM-003,2025-08-18 22:14:27
RET-000148,TRX-000291,ADM-005,2025-08-31 22:14:27
RET-000149,TRX-000684,ADM-005,2025-08-18 22:14:27
RET-000150,TRX-001385,ADM-004,2024-12-29 22:14:27
RET-000151,TRX-000030,ADM-003,2025-03-04 22:14:27
RET-000152,TRX-000833,ADM-001,2025-11-03 22:14:27
RET-000153,TRX-000848,ADM-003,2025-02-06 22:14:27
RET-000154,TRX-000210,ADM-005,2025-01-11 22:14:27
RET-000155,TRX-000203,ADM-005,2025-07-23 22:14:27
RET-000156,TRX-000122,ADM-004,2025-08-08 22:14:27
RET-000157,TRX-000639,ADM-005,2025-10-07 22:14:27
RET-000158,TRX-000928,ADM-003,2025-02-17 22:14:27
RET-000159,TRX-001446,ADM-002,2025-03-25 22:14:27
RET-000160,TRX-001172,ADM-001,2025-02-20 22:14:27
RET-000161,TRX-000634,ADM-002,2025-06-22 22:14:27
RET-000162,TRX-001240,ADM-002,2025-07-02 22:14:27
RET-000163,TRX-001212,ADM-002,2024-12-22 22:14:27
RET-000164,TRX-000318,ADM-002,2025-02-03 22:14:27
RET-000165,TRX-001239,ADM-002,2025-05-30 22:14:27
RET-000166,TRX-000548,ADM-002,2025-07-30 22:14:27
RET-000167,TRX-000762,ADM-003,2025-04-04 22:14:27
RET-000168,TRX-000844,ADM-002,2025-05-28 22:14:27
RET-000169,TRX-001108,ADM-004,2025-02-09 22:14:27
RET-000170,TRX-000690,ADM-004,2025-05-04 22:14:27
RET-000171,TRX-001382,ADM-003,2025-04-23 22:14:27
RET-000172,TRX-000836,ADM-001,2025-04-19 22:14:27
RET-000173,TRX-001377,ADM-001,2025-03-21 22:14:27
RET-000174,TRX-001080,ADM-004,2025-01-02 22:14:27
RET-000175,TRX-001124,ADM-004,2025-10-25 22:14:27
RET-000176,TRX-000119,ADM-001,2025-02-16 22:14:27
RET-000177,TRX-001507,ADM-003,2025-03-27 22:14:27
RET-000178,TRX-000510,ADM-005,2025-06-01 22:14:27
RET-000179,TRX-000308,ADM-002,2025-06-09 22:14:27
RET-000180,TRX-000476,ADM-002,2024-12-14 22:14:27
RET-000181,TRX-000026,ADM-005,2025-05-27 22:14:27
RET-000182,TRX-001393,ADM-002,2025-04-14 22:14:27
RET-000183,TRX-001363,ADM-005,2025-02-12 22:14:27
RET-000184,TRX-000550,ADM-004,2024-12-16 22:14:27
RET-000185,TRX-000405,ADM-004,2025-03-17 22:14:27
RET-000186,TRX-000038,ADM-004,2025-07-28 22:14:27
RET-000187,TRX-000993,ADM-005,2025-02-25 22:14:27
RET-000188,TRX-000121,ADM-001,2025-09-27 22:14:27
RET-000189,TRX-000320,ADM-002,2025-08-10 22:14:27
RET-000190,TRX-001335,ADM-002,2025-03-10 22:14:27
RET-000191,TRX-001464,ADM-004,2025-11-16 22:14:27
RET-000192,TRX-000458,ADM-001,2025-05-31 22:14:27
RET-000193,TRX-000862,ADM-004,2025-04-02 22:14:27
RET-000194,TRX-000941,ADM-002,2025-10-22 22:14:27
RET-000195,TRX-001347,ADM-003,2025-04-07 22:14:27
RET-000196,TRX-000812,ADM-002,2025-09-19 22:14:27
RET-000197,TRX-000082,ADM-002,2025-05-03 22:14:27
RET-000198,TRX-000056,ADM-004,2025-11-14 22:14:27
RET-000199,TRX-001346,ADM-004,2025-09-05 22:14:27
RET-000200,TRX-000554,ADM-005,2025-09-11 22:14:27
RET-000201,TRX-001262,ADM-001,2025-11-09 22:14:27
RET-000202,TRX-001416,ADM-001,2025-02-22 22:14:27
RET-000203,TRX-001323,ADM-005,2025-10-02 22:14:27
RET-000204,TRX-000179,ADM-001,2025-08-19 22:14:27
RET-000205,TRX-000950,ADM-005,2025-01-22 22:14:27
RET-000206,TRX-000003,ADM-005,2025-04-29 22:14:27
RET-000207,TRX-001076,ADM-005,2025-07-22 22:14:27
RET-000208,TRX-001373,ADM-004,2025-02-28 22:14:27
RET-000209,TRX-001409,ADM-001,2025-10-24 22:14:27
RET-000210,TRX-001083,ADM-003,2025-09-15 22:14:27
RET-000211,TRX-000986,ADM-001,2025-06-09 22:14:27
RET-000212,TRX-000289,ADM-003,2025-03-15 22:14:27
RET-000213,TRX-000936,ADM-001,2025-04-25 22:14:27
RET-000214,TRX-001442,ADM-005,2025-03-01 22:14:27
RET-000215,TRX-000819,ADM-004,2025-10-03 22:14:27
RET-000216,TRX-000209,ADM-003,2025-11-18 22:14:27
RET-000217,TRX-000526,ADM-001,2025-02-17 22:14:27
RET-000218,TRX-000615,ADM-003,2025-06-10 22:14:27
RET-000219,TRX-000983,ADM-004,2025-01-31 22:14:27
RET-000220,TRX-001182,ADM-002,2025-06-29 22:14:27
RET-000221,TRX-001275,ADM-001,2025-07-25 22:14:27
RET-000222,TRX-001506,ADM-003,2025-04-29 22:14:27
RET-000223,TRX-001504,ADM-004,2025-01-22 22:14:27
RET-000224,TRX-000838,ADM-004,2025-01-09 22:14:27
RET-000225,TRX-001081,ADM-002,2025-06-14 22:14:27
RET-000226,TRX-001056,ADM-005,2025-06-11 22:14:27
RET-000227,TRX-001428,ADM-001,2025-11-22 22:14:27
RET-000228,TRX-000490,ADM-005,2025-06-15 22:14:27
RET-000229,TRX-000595,ADM-001,2025-10-22 22:14:27
RET-000230,TRX-000735,ADM-003,2025-11-16 22:14:27
RET-000231,TRX-000599,ADM-005,2025-05-06 22:14:27
RET-000232,TRX-000629,ADM-002,2025-03-01 22:14:27
RET-000233,TRX-000873,ADM-005,2025-01-21 22:14:27
RET-000234,TRX-000245,ADM-002,2025-05-09 22:14:27
RET-000235,TRX-000748,ADM-003,2025-10-15 22:14:27
RET-000236,TRX-000530,ADM-003,2025-05-15 22:14:27
RET-000237,TRX-001232,ADM-005,2025-07-21 22:14:27
RET-000238,TRX-001495,ADM-002,2025-03-29 22:14:27
RET-000239,TRX-000435,ADM-001,2025-11-22 22:14:27
RET-000240,TRX-000336,ADM-001,2025-07-20 22:14:27
RET-000241,TRX-001398,ADM-005,2025-10-17 22:14:27
RET-000242,TRX-001112,ADM-005,2025-10-23 22:14:27
RET-000243,TRX-000176,ADM-001,2025-03-06 22:14:27
RET-000244,TRX-000484,ADM-003,2025-05-20 22:14:27
RET-000245,TRX-000971,ADM-003,2025-05-23 22:14:27
RET-000246,TRX-000162,ADM-003,2025-02-14 22:14:27
RET-000247,TRX-001205,ADM-005,2025-04-24 22:14:27
RET-000248,TRX-000769,ADM-003,2025-01-19 22:14:27
RET-000249,TRX-001415,ADM-003,2025-01-06 22:14:27
RET-000250,TRX-000800,ADM-004,2025-03-13 22:14:27
RET-000251,TRX-001356,ADM-004,2025-07-17 22:14:27
RET-000252,TRX-000494,ADM-003,2025-06-23 22:14:27
RET-000253,TRX-000523,ADM-004,2025-03-04 22:14:27
RET-000254,TRX-000182,ADM-001,2025-04-16 22:14:27
RET-000255,TRX-000389,ADM-003,2025-01-16 22:14:27
RET-000256,TRX-000724,ADM-002,2025-09-30 22:14:27
RET-000257,TRX-000077,ADM-005,2025-07-15 22:14:27
RET-000258,TRX-000801,ADM-003,2025-08-22 22:14:27
RET-000259,TRX-000216,ADM-005,2025-11-01 22:14:27
RET-000260,TRX-001302,ADM-003,2025-05-21 22:14:27
RET-000261,TRX-000924,ADM-004,2025-09-25 22:14:27
RET-000262,TRX-001047,ADM-001,2025-07-12 22:14:27
RET-000263,TRX-000445,ADM-001,2025-01-22 22:14:27
RET-000264,TRX-001369,ADM-004,2025-09-26 22:14:27
RET-000265,TRX-001044,ADM-003,2025-01-21 22:14:27
RET-000266,TRX-000552,ADM-002,2025-03-16 22:14:27
RET-000267,TRX-000043,ADM-002,2025-09-16 22:14:27
RET-000268,TRX-001493,ADM-001,2025-09-28 22:14:27
RET-000269,TRX-000822,ADM-001,2024-12-21 22:14:27
RET-000270,TRX-000235,ADM-002,2025-09-24 22:14:27
RET-000271,TRX-000707,ADM-005,2025-10-04 22:14:27
RET-000272,TRX-000564,ADM-001,2025-11-17 22:14:27
RET-000273,TRX-001014,ADM-005,2025-06-12 22:14:27
RET-000274,TRX-000900,ADM-005,2025-02-15 22:14:27
RET-000275,TRX-001259,ADM-003,2025-11-04 22:14:27
RET-000276,TRX-000593,ADM-004,2025-06-27 22:14:27
RET-000277,TRX-000269,ADM-005,2025-11-03 22:14:27
RET-000278,TRX-000905,ADM-001,2025-01-13 22:14:27
RET-000279,TRX-000133,ADM-003,2025-03-23 22:14:27
RET-000280,TRX-000980,ADM-005,2025-07-24 22:14:27
RET-000281,TRX-001190,ADM-001,2025-05-25 22:14:27
RET-000282,TRX-001134,ADM-004,2025-09-20 22:14:27
RET-000283,TRX-000381,ADM-001,2025-11-09 22:14:27
RET-000284,TRX-000376,ADM-002,2025-01-21 22:14:27
RET-000285,TRX-000139,ADM-001,2025-05-02 22:14:27
RET-000286,TRX-001243,ADM-005,2025-02-26 22:14:27
RET-000287,TRX-000362,ADM-003,2025-09-07 22:14:27
RET-000288,TRX-001054,ADM-005,2025-06-12 22:14:27
RET-000289,TRX-001331,ADM-001,2025-09-08 22:14:27
RET-000290,TRX-001365,ADM-004,2025-07-08 22:14:27
RET-000291,TRX-000504,ADM-005,2025-08-24 22:14:27
RET-000292,TRX-000388,ADM-001,2025-07-24 22:14:27
RET-000293,TRX-000499,ADM-003,2025-03-14 22:14:27
RET-000294,TRX-001305,ADM-003,2025-10-06 22:14:27
RET-000295,TRX-001086,ADM-001,2024-12-24 22:14:27
RET-000296,TRX-000752,ADM-001,2025-01-12 22:14:27
RET-000297,TRX-000432,ADM-001,2025-11-21 22:14:27
RET-000298,TRX-001139,ADM-001,2024-12-13 22:14:27
RET-000299,TRX-000856,ADM-004,2025-07-13 22:14:27
RET-000300,TRX-001332,ADM-002,2025-05-12 22:14:27
RET-000301,TRX-000305,ADM-004,2025-07-23 22:14:27
RET-000302,TRX-000671,ADM-002,2025-07-10 22:14:27
RET-000303,TRX-001374,ADM-003,2025-11-22 22:14:27
RET-000304,TRX-000849,ADM-005,2025-07-31 22:14:27
RET-000305,TRX-001068,ADM-003,2025-10-08 22:14:27
RET-000306,TRX-000440,ADM-002,2025-03-12 22:14:27
RET-000307,TRX-001096,ADM-003,2025-08-04 22:14:27
RET-000308,TRX-001334,ADM-003,2025-04-28 22:14:27
RET-000309,TRX-000666,ADM-005,2025-03-05 22:14:27
RET-000310,TRX-000433,ADM-002,2025-10-01 22:14:27
RET-000311,TRX-000624,ADM-002,2025-08-20 22:14:27
RET-000312,TRX-000920,ADM-004,2025-11-29 22:14:27
RET-000313,TRX-000910,ADM-001,2025-09-22 22:14:27
RET-000314,TRX-001404,ADM-005,2025-08-13 22:14:27
RET-000315,TRX-000878,ADM-001,2025-09-02 22:14:27
RET-000316,TRX-000969,ADM-001,2025-09-21 22:14:27
RET-000317,TRX-000973,ADM-001,2025-07-24 22:14:27
RET-000318,TRX-000147,ADM-005,2025-09-12 22:14:27
RET-000319,TRX-000860,ADM-004,2025-08-16 22:14:27
RET-000320,TRX-001147,ADM-002,2025-01-14 22:14:27
RET-000321,TRX-000618,ADM-002,2025-04-12 22:14:27
RET-000322,TRX-000032,ADM-003,2025-07-11 22:14:27
RET-000323,TRX-000798,ADM-002,2025-01-05 22:14:27
RET-000324,TRX-001480,ADM-001,2025-04-26 22:14:27
RET-000325,TRX-000303,ADM-003,2025-02-01 22:14:27
RET-000326,TRX-000296,ADM-001,2025-02-06 22:14:27
RET-000327,TRX-000651,ADM-001,2025-04-08 22:14:27
RET-000328,TRX-001129,ADM-004,2025-04-13 22:14:27
RET-000329,TRX-000645,ADM-003,2025-03-19 22:14:27
RET-000330,TRX-000201,ADM-002,2025-01-06 22:14:27
RET-000331,TRX-000635,ADM-001,2025-01-16 22:14:27
RET-000332,TRX-001447,ADM-002,2025-03-27 22:14:27
RET-000333,TRX-000576,ADM-003,2025-10-31 22:14:27
RET-000334,TRX-001171,ADM-002,2025-05-24 22:14:27
RET-000335,TRX-000925,ADM-005,2025-07-13 22:14:27
RET-000336,TRX-000223,ADM-005,2025-11-05 22:14:27
RET-000337,TRX-001348,ADM-002,2025-07-28 22:14:27
RET-000338,TRX-001361,ADM-005,2025-11-22 22:14:27
RET-000339,TRX-000578,ADM-005,2025-05-22 22:14:27
RET-000340,TRX-000110,ADM-001,2025-09-12 22:14:27
RET-000341,TRX-000460,ADM-003,2025-03-21 22:14:27
RET-000342,TRX-000171,ADM-005,2025-09-14 22:14:27
RET-000343,TRX-000641,ADM-005,2024-12-29 22:14:27
RET-000344,TRX-001469,ADM-001,2025-07-17 22:14:27
RET-000345,TRX-001466,ADM-002,2025-03-03 22:14:27
RET-000346,TRX-000375,ADM-004,2025-06-12 22:14:27
RET-000347,TRX-001104,ADM-002,2025-08-30 22:14:27
RET-000348,TRX-000489,ADM-004,2025-11-24 22:14:27
RET-000349,TRX-000175,ADM-003,2025-06-07 22:14:27
RET-000350,TRX-000152,ADM-003,2025-01-15 22:14:27
RET-000351,TRX-000463,ADM-004,2025-10-13 22:14:27
RET-000352,TRX-000809,ADM-001,2025-03-23 22:14:27
RET-000353,TRX-001273,ADM-003,2025-10-26 22:14:27
RET-000354,TRX-000037,ADM-001,2025-05-17 22:14:27
RET-000355,TRX-000055,ADM-004,2025-10-27 22:14:27
RET-000356,TRX-000627,ADM-003,2025-10-28 22:14:27
RET-000357,TRX-000215,ADM-004,2025-06-29 22:14:27
RET-000358,TRX-000409,ADM-004,2025-06-22 22:14:27
RET-000359,TRX-001389,ADM-002,2024-12-11 22:14:27
RET-000360,TRX-001326,ADM-003,2025-09-12 22:14:27
RET-000361,TRX-000648,ADM-005,2025-07-01 22:14:27
RET-000362,TRX-000257,ADM-003,2025-11-04 22:14:27
RET-000363,TRX-000815,ADM-002,2025-01-22 22:14:27
RET-000364,TRX-001088,ADM-004,2025-08-09 22:14:27
RET-000365,TRX-000893,ADM-002,2025-08-11 22:14:27
RET-000366,TRX-001073,ADM-001,2025-06-02 22:14:27
RET-000367,TRX-001451,ADM-001,2025-11-28 22:14:27
RET-000368,TRX-001183,ADM-005,2025-01-29 22:14:27
RET-000369,TRX-000446,ADM-002,2024-12-10 22:14:27
RET-000370,TRX-001412,ADM-005,2025-10-07 22:14:27
RET-000371,TRX-000657,ADM-002,2025-02-21 22:14:27
RET-000372,TRX-000852,ADM-004,2025-05-11 22:14:27
RET-000373,TRX-000310,ADM-004,2025-02-13 22:14:27
RET-000374,TRX-000680,ADM-002,2024-12-18 22:14:27
RET-000375,TRX-000733,ADM-004,2025-11-27 22:14:27
RET-000376,TRX-000652,ADM-001,2025-08-27 22:14:27
RET-000377,TRX-001403,ADM-001,2025-08-04 22:14:27
RET-000378,TRX-000773,ADM-005,2025-09-07 22:14:27
RET-000379,TRX-000611,ADM-001,2025-06-23 22:14:27
RET-000380,TRX-001170,ADM-003,2025-01-22 22:14:27
RET-000381,TRX-000277,ADM-001,2025-01-23 22:14:27
RET-000382,TRX-000632,ADM-004,2025-07-21 22:14:27
RET-000383,TRX-000071,ADM-003,2025-01-10 22:14:27
RET-000384,TRX-000016,ADM-004,2025-01-03 22:14:27
RET-000385,TRX-001146,ADM-003,2025-03-18 22:14:27
RET-000386,TRX-000225,ADM-003,2025-12-01 22:14:27
RET-000387,TRX-001033,ADM-001,2025-01-27 22:14:27
RET-000388,TRX-000845,ADM-003,2025-11-04 22:14:27
RET-000389,TRX-000469,ADM-002,2025-08-16 22:14:27
RET-000390,TRX-000172,ADM-003,2025-07-18 22:14:27
RET-000391,TRX-001058,ADM-002,2025-11-04 22:14:27
RET-000392,TRX-001094,ADM-004,2025-02-16 22:14:27
RET-000393,TRX-001092,ADM-001,2025-09-25 22:14:27
RET-000394,TRX-000261,ADM-001,2025-09-06 22:14:27
RET-000395,TRX-000956,ADM-002,2025-10-12 22:14:27
RET-000396,TRX-000100,ADM-005,2025-04-16 22:14:27
RET-000397,TRX-000420,ADM-001,2025-11-03 22:14:27
RET-000398,TRX-000421,ADM-004,2025-02-20 22:14:27
RET-000399,TRX-001384,ADM-003,2024-12-28 22:14:27
RET-000400,TRX-001383,ADM-004,2025-07-27 22:14:27
RET-000401,TRX-001040,ADM-001,2025-03-21 22:14:27
RET-000402,TRX-000633,ADM-005,2025-06-23 22:14:27
RET-000403,TRX-000710,ADM-002,2025-01-01 22:14:27
RET-000404,TRX-000343,ADM-005,2025-08-17 22:14:27
RET-000405,TRX-000222,ADM-001,2025-08-08 22:14:27
RET-000406,TRX-000316,ADM-003,2025-10-20 22:14:27
RET-000407,TRX-001155,ADM-005,2025-01-25 22:14:27
RET-000408,TRX-001454,ADM-003,2025-07-18 22:14:27
RET-000409,TRX-001379,ADM-004,2025-11-20 22:14:27
RET-000410,TRX-001090,ADM-005,2025-09-08 22:14:27
RET-000411,TRX-001375,ADM-005,2025-07-02 22:14:27
RET-000412,TRX-000007,ADM-005,2025-03-25 22:14:27
RET-000413,TRX-001391,ADM-005,2025-08-05 22:14:27
RET-000414,TRX-000792,ADM-003,2025-11-06 22:14:27
RET-000415,TRX-000487,ADM-002,2025-06-26 22:14:27
RET-000416,TRX-001043,ADM-002,2024-12-24 22:14:27
RET-000417,TRX-000518,ADM-004,2025-06-04 22:14:27
RET-000418,TRX-001258,ADM-001,2025-05-07 22:14:27
RET-000419,TRX-000241,ADM-005,2025-08-13 22:14:27
RET-000420,TRX-000169,ADM-001,2025-11-25 22:14:27
RET-000421,TRX-001329,ADM-002,2025-04-27 22:14:27
RET-000422,TRX-000742,ADM-001,2025-09-02 22:14:27
RET-000423,TRX-000949,ADM-005,2025-04-28 22:14:27
RET-000424,TRX-000533,ADM-001,2025-09-15 22:14:27
RET-000425,TRX-001503,ADM-003,2025-04-19 22:14:27
RET-000426,TRX-000692,ADM-001,2025-07-22 22:14:27
RET-000427,TRX-000248,ADM-002,2025-06-06 22:14:27
RET-000428,TRX-000952,ADM-004,2025-10-16 22:14:27
RET-000429,TRX-000730,ADM-002,2025-06-15 22:14:27
RET-000430,TRX-001310,ADM-004,2025-02-01 22:14:27
RET-000431,TRX-000864,ADM-001,2025-03-28 22:14:27
RET-000432,TRX-000628,ADM-001,2025-05-04 22:14:27
RET-000433,TRX-001263,ADM-004,2024-12-13 22:14:27
RET-000434,TRX-001284,ADM-003,2025-07-11 22:14:27
RET-000435,TRX-000292,ADM-004,2025-11-20 22:14:27
RET-000436,TRX-000840,ADM-003,2025-08-14 22:14:27
RET-000437,TRX-000390,ADM-004,2025-11-21 22:14:27
RET-000438,TRX-000561,ADM-004,2025-08-26 22:14:27
RET-000439,TRX-001137,ADM-002,2025-01-06 22:14:27
RET-000440,TRX-001099,ADM-001,2025-10-16 22:14:27
RET-000441,TRX-000158,ADM-004,2025-09-24 22:14:27
RET-000442,TRX-001279,ADM-001,2025-05-03 22:14:27
RET-000443,TRX-001004,ADM-005,2025-03-07 22:14:27
RET-000444,TRX-000557,ADM-004,2025-05-12 22:14:27
RET-000445,TRX-000586,ADM-005,2025-08-05 22:14:27
RET-000446,TRX-000239,ADM-005,2024-12-12 22:14:27
RET-000447,TRX-001184,ADM-004,2025-01-02 22:14:27
RET-000448,TRX-000770,ADM-005,2025-04-01 22:14:27
RET-000449,TRX-000485,ADM-001,2025-10-18 22:14:27
RET-000450,TRX-000756,ADM-002,2025-10-06 22:14:27
RET-000451,TRX-001463,ADM-003,2024-12-28 22:14:27
RET-000452,TRX-001497,ADM-005,2025-11-01 22:14:27
RET-000453,TRX-000938,ADM-002,2025-03-28 22:14:27
RET-000454,TRX-001473,ADM-003,2025-10-06 22:14:27
RET-000455,TRX-000053,ADM-001,2025-06-25 22:14:27
RET-000456,TRX-001434,ADM-002,2025-03-12 22:14:27
RET-000457,TRX-000044,ADM-002,2025-01-02 22:14:27
RET-000458,TRX-000352,ADM-003,2025-12-02 22:14:27
RET-000459,TRX-000165,ADM-001,2025-04-12 22:14:27
RET-000460,TRX-000837,ADM-002,2025-02-18 22:14:27
RET-000461,TRX-000483,ADM-005,2025-01-26 22:14:27
RET-000462,TRX-000556,ADM-005,2025-08-10 22:14:27
RET-000463,TRX-001422,ADM-005,2025-03-20 22:14:27
RET-000464,TRX-000322,ADM-004,2025-02-13 22:14:27
RET-000465,TRX-000049,ADM-001,2025-03-13 22:14:27
RET-000466,TRX-001177,ADM-001,2025-07-14 22:14:27
RET-000467,TRX-001119,ADM-001,2025-07-16 22:14:27
RET-000468,TRX-000546,ADM-005,2025-01-08 22:14:27
RET-000469,TRX-000722,ADM-001,2025-07-01 22:14:27
RET-000470,TRX-000558,ADM-002,2025-08-17 22:14:27
RET-000471,TRX-001410,ADM-005,2024-12-08 22:14:27
RET-000472,TRX-001150,ADM-005,2025-08-14 22:14:27
RET-000473,TRX-001215,ADM-002,2024-12-14 22:14:27
RET-000474,TRX-000642,ADM-001,2025-05-14 22:14:27
RET-000475,TRX-000693,ADM-003,2025-04-16 22:14:27
RET-000476,TRX-001486,ADM-001,2025-12-05 22:14:27
RET-000477,TRX-001042,ADM-005,2025-09-19 22:14:27
RET-000478,TRX-000676,ADM-001,2025-11-23 22:14:27
RET-000479,TRX-001219,ADM-005,2025-05-12 22:14:27
RET-000480,TRX-001296,ADM-005,2025-11-28 22:14:27
RET-000481,TRX-000895,ADM-005,2025-07-07 22:14:27
RET-000482,TRX-000240,ADM-002,2025-03-14 22:14:27
RET-000483,TRX-001101,ADM-002,2025-06-08 22:14:27
RET-000484,TRX-000315,ADM-003,2025-02-12 22:14:27
RET-000485,TRX-000279,ADM-003,2025-06-06 22:14:27
RET-000486,TRX-000783,ADM-001,2025-09-30 22:14:27
RET-000487,TRX-001436,ADM-002,2025-06-21 22:14:27
RET-000488,TRX-000665,ADM-001,2025-05-25 22:14:27
RET-000489,TRX-001007,ADM-003,2025-02-05 22:14:27
RET-000490,TRX-001392,ADM-004,2025-01-31 22:14:27
RET-000491,TRX-001378,ADM-003,2025-08-01 22:14:27
RET-000492,TRX-000095,ADM-001,2025-07-02 22:14:27
RET-000493,TRX-000091,ADM-005,2025-09-16 22:14:27
RET-000494,TRX-000830,ADM-002,2025-02-09 22:14:27
RET-000495,TRX-001421,ADM-003,2025-01-19 22:14:27
RET-000496,TRX-000918,ADM-001,2024-12-30 22:14:27
RET-000497,TRX-000932,ADM-005,2025-01-21 22:14:27
RET-000498,TRX-000967,ADM-005,2025-05-01 22:14:27
RET-000499,TRX-000927,ADM-003,2025-09-05 22:14:27
RET-000500,TRX-000886,ADM-004,2025-06-22 22:14:27
RET-000501,TRX-000057,ADM-003,2025-08-27 22:14:27
RET-000502,TRX-000019,ADM-002,2025-01-13 22:14:27
RET-000503,TRX-000802,ADM-002,2025-08-25 22:14:27
RET-000504,TRX-001271,ADM-004,2025-01-05 22:14:27
RET-000505,TRX-000708,ADM-005,2025-08-03 22:14:27
RET-000506,TRX-000360,ADM-002,2025-06-06 22:14:27
RET-000507,TRX-001202,ADM-001,2025-05-12 22:14:27
RET-000508,TRX-001476,ADM-003,2025-04-13 22:14:27
RET-000509,TRX-000891,ADM-005,2025-07-21 22:14:27
RET-000510,TRX-000857,ADM-004,2025-02-08 22:14:27
RET-000511,TRX-000997,ADM-002,2025-10-08 22:14:27
RET-000512,TRX-000029,ADM-005,2025-09-10 22:14:27
RET-000513,TRX-000786,ADM-003,2025-06-06 22:14:27
RET-000514,TRX-000572,ADM-005,2025-08-18 22:14:27
RET-000515,TRX-000803,ADM-002,2025-04-02 22:14:27
RET-000516,TRX-000231,ADM-001,2025-04-23 22:14:27
RET-000517,TRX-000052,ADM-005,2025-04-28 22:14:27
RET-000518,TRX-000350,ADM-004,2025-03-22 22:14:27
RET-000519,TRX-001371,ADM-003,2025-04-25 22:14:27
RET-000520,TRX-000195,ADM-001,2025-10-03 22:14:27
RET-000521,TRX-000430,ADM-005,2024-12-14 22:14:27
RET-000522,TRX-000744,ADM-004,2025-08-04 22:14:27
RET-000523,TRX-000402,ADM-002,2025-04-06 22:14:27
RET-000524,TRX-000709,ADM-004,2024-12-13 22:14:27
RET-000525,TRX-000498,ADM-003,2025-03-20 22:14:27
RET-000526,TRX-000159,ADM-003,2025-11-21 22:14:27
RET-000527,TRX-001176,ADM-002,2025-08-23 22:14:27
RET-000528,TRX-000516,ADM-004,2025-10-16 22:14:27
RET-000529,TRX-000001,ADM-002,2025-12-06 22:14:27
RET-000530,TRX-000488,ADM-001,2025-04-11 22:14:27
RET-000531,TRX-000114,ADM-002,2025-05-07 22:14:27
RET-000532,TRX-001013,ADM-001,2025-10-25 22:14:27
RET-000533,TRX-000156,ADM-005,2025-05-28 22:14:27
RET-000534,TRX-000763,ADM-001,2025-09-13 22:14:27
RET-000535,TRX-000884,ADM-002,2025-01-11 22:14:27
RET-000536,TRX-001455,ADM-004,2025-02-28 22:14:27
RET-000537,TRX-001025,ADM-002,2025-07-17 22:14:27
RET-000538,TRX-001002,ADM-003,2025-08-30 22:14:27
RET-000539,TRX-001413,ADM-005,2025-03-11 22:14:27
RET-000540,TRX-001430,ADM-002,2025-07-23 22:14:27
RET-000541,TRX-000937,ADM-003,2025-04-28 22:14:27
RET-000542,TRX-000538,ADM-005,2024-12-26 22:14:27
RET-000543,TRX-000166,ADM-002,2025-05-18 22:14:27
RET-000544,TRX-000475,ADM-005,2025-08-05 22:14:27
RET-000545,TRX-000174,ADM-002,2025-01-06 22:14:27
RET-000546,TRX-000275,ADM-002,2025-09-27 22:14:27
RET-000547,TRX-000946,ADM-002,2025-05-04 22:14:27
RET-000548,TRX-000502,ADM-005,2025-09-16 22:14:27
RET-000549,TRX-001492,ADM-005,2025-03-30 22:14:27
RET-000550,TRX-000541,ADM-004,2025-02-04 22:14:27
RET-000551,TRX-000442,ADM-004,2024-12-29 22:14:27
RET-000552,TRX-000591,ADM-005,2025-12-04 22:14:27
RET-000553,TRX-001475,ADM-003,2025-06-16 22:14:27
RET-000554,TRX-001167,ADM-002,2025-06-08 22:14:27
RET-000555,TRX-000617,ADM-004,2025-02-19 22:14:27
RET-000556,TRX-000703,ADM-005,2025-07-30 22:14:27
RET-000557,TRX-001477,ADM-001,2025-08-12 22:14:27
RET-000558,TRX-000393,ADM-001,2025-09-08 22:14:27
RET-000559,TRX-001483,ADM-001,2025-03-30 22:14:27
RET-000560,TRX-000659,ADM-005,2025-08-21 22:14:27
RET-000561,TRX-000810,ADM-002,2025-06-26 22:14:27
RET-000562,TRX-001319,ADM-004,2025-04-04 22:14:27
RET-000563,TRX-000754,ADM-005,2025-03-25 22:14:27
RET-000564,TRX-001115,ADM-004,2025-11-09 22:14:27
RET-000565,TRX-000217,ADM-002,2025-05-15 22:14:27
RET-000566,TRX-000385,ADM-004,2025-05-01 22:14:27
RET-000567,TRX-000450,ADM-001,2025-11-13 22:14:27
RET-000568,TRX-000451,ADM-004,2025-04-11 22:14:27
RET-000569,TRX-000183,ADM-005,2025-12-01 22:14:27
RET-000570,TRX-000917,ADM-004,2025-07-22 22:14:27
RET-000571,TRX-000089,ADM-003,2025-02-07 22:14:27
RET-000572,TRX-000313,ADM-002,2025-10-30 22:14:27
RET-000573,TRX-001006,ADM-003,2025-01-29 22:14:27
RET-000574,TRX-000202,ADM-004,2025-07-20 22:14:27
RET-000575,TRX-001132,ADM-003,2025-03-19 22:14:27
RET-000576,TRX-001077,ADM-001,2025-03-28 22:14:27
RET-000577,TRX-000990,ADM-005,2025-03-08 22:14:27
RET-000578,TRX-001286,ADM-003,2024-12-07 22:14:27
RET-000579,TRX-000428,ADM-001,2025-10-31 22:14:27
RET-000580,TRX-001050,ADM-001,2025-09-08 22:14:27
RET-000581,TRX-001225,ADM-001,2025-08-08 22:14:27
RET-000582,TRX-000344,ADM-003,2025-11-19 22:14:27
RET-000583,TRX-000921,ADM-003,2025-09-11 22:14:27
RET-000584,TRX-001300,ADM-004,2025-03-30 22:14:27
RET-000585,TRX-000887,ADM-002,2025-08-18 22:14:27
RET-000586,TRX-000368,ADM-002,2025-08-14 22:14:27
RET-000587,TRX-001482,ADM-004,2025-04-29 22:14:27
RET-000588,TRX-000991,ADM-005,2025-07-23 22:14:27
RET-000589,TRX-001165,ADM-004,2025-10-12 22:14:27
RET-000590,TRX-000725,ADM-002,2025-07-12 22:14:27
RET-000591,TRX-000782,ADM-005,2025-09-05 22:14:27
RET-000592,TRX-000774,ADM-003,2025-09-11 22:14:27
RET-000593,TRX-000369,ADM-003,2025-02-14 22:14:27
RET-000594,TRX-001462,ADM-003,2025-06-04 22:14:27
RET-000595,TRX-000989,ADM-001,2025-10-27 22:14:27
RET-000596,TRX-001246,ADM-005,2025-01-11 22:14:27
RET-000597,TRX-000170,ADM-003,2025-04-19 22:14:27
RET-000598,TRX-000834,ADM-002,2025-04-02 22:14:27
RET-000599,TRX-001222,ADM-002,2025-06-30 22:14:27
RET-000600,TRX-000103,ADM-002,2025-12-07 22:14:27
RET-000601,TRX-001272,ADM-003,2025-11-08 22:14:27
RET-000602,TRX-000135,ADM-004,2025-02-22 22:14:27
RET-000603,TRX-001467,ADM-003,2025-01-05 22:14:27
RET-000604,TRX-000825,ADM-002,2025-04-23 22:14:27
RET-000605,TRX-000590,ADM-002,2024-12-23 22:14:27
RET-000606,TRX-001256,ADM-004,2025-01-13 22:14:27
RET-000607,TRX-000677,ADM-004,2025-08-26 22:14:27
RET-000608,TRX-000088,ADM-002,2025-11-11 22:14:27
RET-000609,TRX-001020,ADM-001,2025-12-01 22:14:27
RET-000610,TRX-000650,ADM-003,2025-03-21 22:14:27
RET-000611,TRX-000575,ADM-005,2025-10-20 22:14:27
RET-000612,TRX-001111,ADM-003,2025-07-04 22:14:27
RET-000613,TRX-001349,ADM-001,2025-05-06 22:14:27
RET-000614,TRX-000545,ADM-001,2025-09-18 22:14:27
RET-000615,TRX-000717,ADM-005,2025-03-24 22:14:27
RET-000616,TRX-000877,ADM-002,2025-08-12 22:14:27
RET-000617,TRX-001196,ADM-002,2025-06-30 22:14:27
RET-000618,TRX-001016,ADM-005,2025-04-14 22:14:27
RET-000619,TRX-000944,ADM-003,2025-09-02 22:14:27
RET-000620,TRX-000793,ADM-005,2025-05-17 22:14:27
RET-000621,TRX-001325,ADM-005,2024-12-09 22:14:27
RET-000622,TRX-000078,ADM-005,2025-06-08 22:14:27
RET-000623,TRX-000934,ADM-002,2025-07-05 22:14:27
RET-000624,TRX-000042,ADM-001,2025-05-25 22:14:27
RET-000625,TRX-000163,ADM-003,2025-06-18 22:14:27
RET-000626,TRX-001432,ADM-001,2025-09-11 22:14:27
RET-000627,TRX-000193,ADM-004,2025-03-31 22:14:27
RET-000628,TRX-000788,ADM-003,2025-05-29 22:14:27
RET-000629,TRX-000630,ADM-003,2025-01-11 22:14:27
RET-000630,TRX-000511,ADM-005,2025-07-21 22:14:27
RET-000631,TRX-000024,ADM-005,2025-05-25 22:14:27
RET-000632,TRX-000897,ADM-001,2025-04-07 22:14:27
RET-000633,TRX-000675,ADM-003,2025-11-26 22:14:27
RET-000634,TRX-000143,ADM-001,2025-04-12 22:14:27
RET-000635,TRX-001376,ADM-002,2025-02-27 22:14:27
RET-000636,TRX-000713,ADM-003,2025-03-12 22:14:27
RET-000637,TRX-001192,ADM-004,2025-08-22 22:14:27
RET-000638,TRX-000452,ADM-004,2025-11-04 22:14:27
RET-000639,TRX-001152,ADM-001,2025-10-11 22:14:27
RET-000640,TRX-000711,ADM-003,2025-05-20 22:14:27
RET-000641,TRX-000079,ADM-003,2025-05-23 22:14:27
RET-000642,TRX-000916,ADM-004,2025-09-22 22:14:27
RET-000643,TRX-001425,ADM-005,2025-07-03 22:14:27
RET-000644,TRX-001441,ADM-002,2025-09-01 22:14:27
RET-000645,TRX-000285,ADM-004,2025-09-06 22:14:27
RET-000646,TRX-000901,ADM-002,2025-01-31 22:14:27
RET-000647,TRX-000996,ADM-003,2025-06-15 22:14:27
RET-000648,TRX-000746,ADM-004,2025-11-12 22:14:27
RET-000649,TRX-000431,ADM-003,2025-01-25 22:14:27
RET-000650,TRX-000608,ADM-005,2025-11-21 22:14:27
RET-000651,TRX-000124,ADM-004,2025-10-13 22:14:27
RET-000652,TRX-001474,ADM-003,2025-01-14 22:14:27
RET-000653,TRX-000581,ADM-003,2025-09-17 22:14:27
RET-000654,TRX-000017,ADM-002,2025-05-06 22:14:27
RET-000655,TRX-000148,ADM-002,2024-12-31 22:14:27
RET-000656,TRX-001128,ADM-002,2025-03-03 22:14:27
RET-000657,TRX-001059,ADM-004,2025-09-06 22:14:27
RET-000658,TRX-000482,ADM-003,2025-10-24 22:14:27
RET-000659,TRX-000863,ADM-004,2025-11-21 22:14:27
RET-000660,TRX-001142,ADM-004,2025-03-25 22:14:27
RET-000661,TRX-000398,ADM-004,2025-07-24 22:14:27
RET-000662,TRX-000955,ADM-003,2024-12-15 22:14:27
RET-000663,TRX-000679,ADM-003,2025-03-24 22:14:27
RET-000664,TRX-000218,ADM-001,2025-05-30 22:14:27
RET-000665,TRX-000631,ADM-002,2025-05-08 22:14:27
RET-000666,TRX-000213,ADM-003,2025-01-23 22:14:27
RET-000667,TRX-000094,ADM-002,2025-01-21 22:14:27
RET-000668,TRX-000364,ADM-003,2025-08-29 22:14:27
RET-000669,TRX-000716,ADM-005,2025-10-25 22:14:27
RET-000670,TRX-000604,ADM-003,2025-07-14 22:14:27
RET-000671,TRX-001333,ADM-001,2025-11-13 22:14:27
RET-000672,TRX-000065,ADM-001,2024-12-24 22:14:27
RET-000673,TRX-001213,ADM-001,2025-02-20 22:14:27
RET-000674,TRX-000958,ADM-002,2025-01-01 22:14:27
RET-000675,TRX-000534,ADM-001,2025-10-23 22:14:27
RET-000676,TRX-001461,ADM-005,2025-01-02 22:14:27
RET-000677,TRX-001352,ADM-004,2025-11-18 22:14:27
RET-000678,TRX-000777,ADM-004,2025-05-30 22:14:27
RET-000679,TRX-000319,ADM-002,2025-06-03 22:14:27
RET-000680,TRX-001072,ADM-003,2025-02-02 22:14:27
RET-000681,TRX-000568,ADM-003,2025-02-10 22:14:27
RET-000682,TRX-000831,ADM-004,2025-06-15 22:14:27
RET-000683,TRX-000332,ADM-002,2025-03-13 22:14:27
RET-000684,TRX-001107,ADM-002,2025-06-19 22:14:27
RET-000685,TRX-000164,ADM-005,2025-10-17 22:14:27
RET-000686,TRX-000734,ADM-005,2025-09-27 22:14:27
RET-000687,TRX-000750,ADM-002,2024-12-30 22:14:27
RET-000688,TRX-000661,ADM-002,2025-03-10 22:14:27
RET-000689,TRX-000806,ADM-002,2025-04-29 22:14:27
RET-000690,TRX-000090,ADM-002,2025-01-20 22:14:27
RET-000691,TRX-001460,ADM-001,2025-03-07 22:14:27
RET-000692,TRX-000851,ADM-003,2025-07-05 22:14:27
RET-000693,TRX-000020,ADM-002,2025-10-02 22:14:27
RET-000694,TRX-000961,ADM-001,2025-06-26 22:14:27
RET-000695,TRX-000236,ADM-002,2025-02-26 22:14:27
RET-000696,TRX-001017,ADM-005,2025-03-12 22:14:27
RET-000697,TRX-000847,ADM-005,2025-03-18 22:14:27
RET-000698,TRX-000755,ADM-005,2025-07-23 22:14:27
RET-000699,TRX-000136,ADM-002,2025-09-27 22:14:27
RET-000700,TRX-000459,ADM-004,2025-05-15 22:14:27
RET-000701,TRX-000975,ADM-004,2025-02-02 22:14:27
RET-000702,TRX-001327,ADM-005,2025-04-01 22:14:27
RET-000703,TRX-000129,ADM-004,2025-01-18 22:14:27
RET-000704,TRX-001456,ADM-003,2025-05-14 22:14:27
RET-000705,TRX-000249,ADM-003,2025-08-26 22:14:27
RET-000706,TRX-000280,ADM-001,2025-12-04 22:14:27
RET-000707,TRX-001278,ADM-002,2025-05-27 22:14:27
RET-000708,TRX-000854,ADM-005,2025-03-27 22:14:27
RET-000709,TRX-001238,ADM-001,2025-06-08 22:14:27
RET-000710,TRX-001178,ADM-001,2025-10-15 22:14:27
RET-000711,TRX-001035,ADM-002,2024-12-18 22:14:27
RET-000712,TRX-000880,ADM-001,2025-06-09 22:14:27
RET-000713,TRX-001280,ADM-001,2025-08-29 22:14:27
RET-000714,TRX-000374,ADM-002,2025-04-01 22:14:27
RET-000715,TRX-000718,ADM-004,2025-08-16 22:14:27
RET-000716,TRX-000597,ADM-005,2025-03-08 22:14:27
RET-000717,TRX-000187,ADM-002,2025-07-05 22:14:27
RET-000718,TRX-000391,ADM-001,2025-10-11 22:14:27
RET-000719,TRX-001180,ADM-004,2025-10-06 22:14:27
RET-000720,TRX-000496,ADM-002,2025-10-17 22:14:27
RET-000721,TRX-000892,ADM-005,2025-09-01 22:14:27
RET-000722,TRX-000606,ADM-004,2025-06-15 22:14:27
RET-000723,TRX-000612,ADM-005,2025-09-28 22:14:27
RET-000724,TRX-001144,ADM-005,2025-05-17 22:14:27
RET-000725,TRX-001084,ADM-004,2025-02-03 22:14:27
RET-000726,TRX-000890,ADM-002,2025-12-05 22:14:27
RET-000727,TRX-000033,ADM-003,2025-02-11 22:14:27
RET-000728,TRX-000455,ADM-001,2025-09-13 22:14:27
RET-000729,TRX-000640,ADM-001,2025-06-13 22:14:27
RET-000730,TRX-001143,ADM-002,2025-03-24 22:14:27
RET-000731,TRX-000776,ADM-003,2025-10-29 22:14:27
RET-000732,TRX-001010,ADM-002,2025-02-01 22:14:27
RET-000733,TRX-000226,ADM-001,2025-10-14 22:14:27
RET-000734,TRX-000906,ADM-001,2025-06-03 22:14:27
RET-000735,TRX-001032,ADM-004,2024-12-24 22:14:27
RET-000736,TRX-001268,ADM-002,2025-10-18 22:14:27
RET-000737,TRX-000403,ADM-005,2025-01-15 22:14:27
RET-000738,TRX-000436,ADM-004,2025-06-07 22:14:27
RET-000739,TRX-000371,ADM-002,2025-03-01 22:14:27
RET-000740,TRX-000957,ADM-002,2025-08-14 22:14:27
RET-000741,TRX-000787,ADM-005,2025-05-05 22:14:27
RET-000742,TRX-000775,ADM-001,2025-01-17 22:14:27
RET-000743,TRX-000064,ADM-001,2025-05-31 22:14:27
RET-000744,TRX-000492,ADM-001,2025-04-08 22:14:27
RET-000745,TRX-000846,ADM-001,2025-03-07 22:14:27
RET-000746,TRX-001227,ADM-002,2025-08-14 22:14:27
RET-000747,TRX-000117,ADM-002,2024-12-22 22:14:27
RET-000748,TRX-000012,ADM-004,2025-03-25 22:14:27
RET-000749,TRX-000151,ADM-001,2025-11-06 22:14:27
RET-000750,TRX-000978,ADM-004,2025-10-06 22:14:27
RET-000751,TRX-001153,ADM-002,2025-03-29 22:14:27
RET-000752,TRX-001281,ADM-003,2025-10-08 22:14:27
RET-000753,TRX-000357,ADM-005,2025-07-05 22:14:27
RET-000754,TRX-000600,ADM-004,2025-04-22 22:14:27
RET-000755,TRX-001449,ADM-004,2025-10-08 22:14:27
RET-000756,TRX-000190,ADM-002,2025-02-28 22:14:27
RET-000757,TRX-000198,ADM-001,2025-11-25 22:14:27
RET-000758,TRX-000907,ADM-004,2025-09-25 22:14:27
RET-000759,TRX-001478,ADM-004,2025-10-11 22:14:27
RET-000760,TRX-000737,ADM-005,2025-08-08 22:14:27
RET-000761,TRX-001018,ADM-001,2025-07-05 22:14:27
RET-000762,TRX-000229,ADM-002,2024-12-17 22:14:27
RET-000763,TRX-000699,ADM-004,2025-05-27 22:14:27
RET-000764,TRX-001037,ADM-003,2025-03-11 22:14:27
RET-000765,TRX-000522,ADM-003,2025-08-10 22:14:27
RET-000766,TRX-001149,ADM-004,2025-05-14 22:14:27
RET-000767,TRX-000127,ADM-002,2025-09-20 22:14:27
RET-000768,TRX-000626,ADM-002,2025-09-26 22:14:27
RET-000769,TRX-001242,ADM-002,2025-02-15 22:14:27
RET-000770,TRX-001127,ADM-001,2025-09-30 22:14:27
RET-000771,TRX-000687,ADM-002,2025-01-16 22:14:27
RET-000772,TRX-000915,ADM-005,2025-02-22 22:14:27
RET-000773,TRX-000045,ADM-003,2024-12-28 22:14:27
RET-000774,TRX-000820,ADM-004,2025-07-02 22:14:27
RET-000775,TRX-000695,ADM-001,2025-01-28 22:14:27
RET-000776,TRX-000653,ADM-005,2025-04-27 22:14:27
RET-000777,TRX-001166,ADM-004,2025-10-19 22:14:27
RET-000778,TRX-000614,ADM-002,2025-07-18 22:14:27
RET-000779,TRX-000749,ADM-004,2025-07-06 22:14:27
RET-000780,TRX-001120,ADM-003,2025-02-21 22:14:27
RET-000781,TRX-001304,ADM-001,2025-05-03 22:14:27
RET-000782,TRX-000111,ADM-005,2025-10-04 22:14:27
RET-000783,TRX-000999,ADM-001,2025-11-05 22:14:27
RET-000784,TRX-000715,ADM-002,2025-10-29 22:14:27
RET-000785,TRX-000547,ADM-002,2025-09-27 22:14:27
RET-000786,TRX-000582,ADM-003,2025-10-08 22:14:27
RET-000787,TRX-000807,ADM-002,2025-01-18 22:14:27
RET-000788,TRX-000416,ADM-004,2025-12-02 22:14:27
RET-000789,TRX-000406,ADM-005,2024-12-18 22:14:27
RET-000790,TRX-000429,ADM-001,2025-04-30 22:14:27
RET-000791,TRX-000753,ADM-002,2025-10-02 22:14:27
RET-000792,TRX-000473,ADM-002,2025-01-19 22:14:27
RET-000793,TRX-000247,ADM-003,2024-12-24 22:14:27
RET-000794,TRX-000349,ADM-004,2025-06-13 22:14:27
RET-000795,TRX-000116,ADM-004,2025-08-08 22:14:27
RET-000796,TRX-000532,ADM-002,2024-12-17 22:14:27
RET-000797,TRX-000549,ADM-001,2025-01-16 22:14:27
RET-000798,TRX-000276,ADM-003,2025-07-27 22:14:27
RET-000799,TRX-000531,ADM-005,2025-11-11 22:14:27
RET-000800,TRX-001318,ADM-003,2025-07-18 22:14:27
RET-000801,TRX-000596,ADM-004,2025-01-28 22:14:27
RET-000802,TRX-000926,ADM-004,2025-06-21 22:14:27
RET-000803,TRX-000188,ADM-004,2025-05-12 22:14:27
RET-000804,TRX-001397,ADM-003,2024-12-12 22:14:27
RET-000805,TRX-000861,ADM-004,2025-11-15 22:14:27
RET-000806,TRX-001429,ADM-004,2025-11-22 22:14:27
RET-000807,TRX-000678,ADM-003,2025-10-24 22:14:27
RET-000808,TRX-000948,ADM-001,2025-08-05 22:14:27
RET-000809,TRX-000384,ADM-001,2025-10-22 22:14:27
RET-000810,TRX-000701,ADM-002,2025-03-31 22:14:27
RET-000811,TRX-001472,ADM-005,2025-02-17 22:14:27
RET-000812,TRX-000270,ADM-004,2025-11-21 22:14:27
RET-000813,TRX-000988,ADM-005,2025-11-04 22:14:27
RET-000814,TRX-000243,ADM-002,2024-12-31 22:14:27
RET-000815,TRX-000704,ADM-002,2025-08-13 22:14:27
RET-000816,TRX-000311,ADM-002,2025-04-05 22:14:27
RET-000817,TRX-001207,ADM-005,2025-04-10 22:14:27
RET-000818,TRX-000109,ADM-002,2025-06-23 22:14:27
RET-000819,TRX-000827,ADM-002,2025-01-06 22:14:27
RET-000820,TRX-000553,ADM-004,2025-03-15 22:14:27
RET-000821,TRX-001406,ADM-004,2025-03-23 22:14:27
RET-000822,TRX-000778,ADM-005,2025-02-05 22:14:27
RET-000823,TRX-000301,ADM-004,2025-08-28 22:14:27
RET-000824,TRX-000913,ADM-002,2025-05-23 22:14:27
RET-000825,TRX-000366,ADM-005,2025-09-04 22:14:27
RET-000826,TRX-001237,ADM-004,2025-10-08 22:14:27
RET-000827,TRX-000260,ADM-003,2025-02-15 22:14:27
RET-000828,TRX-000883,ADM-001,2025-07-23 22:14:27
RET-000829,TRX-001426,ADM-002,2025-10-19 22:14:27
RET-000830,TRX-000268,ADM-004,2025-07-31 22:14:27
RET-000831,TRX-001489,ADM-004,2025-05-25 22:14:27
RET-000832,TRX-000478,ADM-002,2025-10-13 22:14:27
RET-000833,TRX-000732,ADM-003,2025-03-19 22:14:27
RET-000834,TRX-000477,ADM-001,2025-05-23 22:14:27
RET-000835,TRX-000507,ADM-004,2025-11-09 22:14:27
RET-000836,TRX-000963,ADM-003,2025-09-06 22:14:27
RET-000837,TRX-001038,ADM-005,2025-04-10 22:14:27
RET-000838,TRX-000602,ADM-001,2024-12-12 22:14:27
RET-000839,TRX-000023,ADM-005,2025-02-24 22:14:27
RET-000840,TRX-000613,ADM-004,2024-12-14 22:14:27
RET-000841,TRX-000141,ADM-002,2025-03-14 22:14:27
RET-000842,TRX-000392,ADM-001,2025-08-14 22:14:27
RET-000843,TRX-001435,ADM-004,2025-03-16 22:14:27
RET-000844,TRX-000086,ADM-001,2025-08-29 22:14:27
RET-000845,TRX-000943,ADM-005,2025-06-28 22:14:27
RET-000846,TRX-000035,ADM-002,2025-03-16 22:14:27
RET-000847,TRX-000108,ADM-002,2025-01-19 22:14:27
RET-000848,TRX-000180,ADM-004,2025-07-25 22:14:27
RET-000849,TRX-000580,ADM-003,2025-11-01 22:14:27
RET-000850,TRX-001012,ADM-004,2025-02-19 22:14:27
RET-000851,TRX-000882,ADM-004,2025-02-04 22:14:27
RET-000852,TRX-001354,ADM-005,2025-06-30 22:14:27
RET-000853,TRX-000898,ADM-005,2025-11-07 22:14:27
RET-000854,TRX-001223,ADM-001,2025-06-22 22:14:27
RET-000855,TRX-000112,ADM-005,2025-01-02 22:14:27
RET-000856,TRX-000696,ADM-001,2025-12-07 22:14:27
RET-000857,TRX-000637,ADM-004,2025-07-29 22:14:27
RET-000858,TRX-000931,ADM-004,2025-04-15 22:14:27
RET-000859,TRX-001344,ADM-003,2025-06-03 22:14:27
RET-000860,TRX-000015,ADM-002,2025-06-11 22:14:27
RET-000861,TRX-000295,ADM-005,2025-10-02 22:14:27
RET-000862,TRX-001057,ADM-005,2025-02-25 22:14:27
RET-000863,TRX-000098,ADM-005,2025-07-30 22:14:27
RET-000864,TRX-001417,ADM-004,2025-06-01 22:14:27
RET-000865,TRX-001200,ADM-005,2025-11-01 22:14:27
RET-000866,TRX-000758,ADM-003,2025-09-02 22:14:27
RET-000867,TRX-000040,ADM-004,2025-11-24 22:14:27
RET-000868,TRX-001003,ADM-001,2025-10-19 22:14:27
RET-000869,TRX-000984,ADM-005,2025-03-08 22:14:27
RET-000870,TRX-000437,ADM-004,2025-09-06 22:14:27
RET-000871,TRX-000448,ADM-002,2025-11-20 22:14:27
RET-000872,TRX-000481,ADM-003,2025-03-22 22:14:27
RET-000873,TRX-001257,ADM-004,2025-07-06 22:14:27
RET-000874,TRX-001210,ADM-005,2024-12-18 22:14:27
RET-000875,TRX-000417,ADM-003,2025-04-17 22:14:27
RET-000876,TRX-000378,ADM-003,2025-02-20 22:14:27
RET-000877,TRX-001405,ADM-004,2025-04-30 22:14:27
RET-000878,TRX-000970,ADM-004,2025-01-04 22:14:27
RET-000879,TRX-000832,ADM-001,2025-06-30 22:14:27
RET-000880,TRX-001021,ADM-005,2025-10-19 22:14:27
RET-000881,TRX-001189,ADM-004,2025-03-08 22:14:27
RET-000882,TRX-001023,ADM-003,2025-07-15 22:14:27
RET-000883,TRX-001249,ADM-001,2024-12-31 22:14:27
RET-000884,TRX-000771,ADM-005,2024-12-22 22:14:27
RET-000885,TRX-000132,ADM-003,2025-09-19 22:14:27
RET-000886,TRX-000069,ADM-001,2025-08-01 22:14:27
RET-000887,TRX-000879,ADM-001,2025-09-03 22:14:27
RET-000888,TRX-000454,ADM-001,2025-07-03 22:14:27
RET-000889,TRX-000186,ADM-005,2024-12-27 22:14:27
RET-000890,TRX-000960,ADM-001,2025-03-26 22:14:27
RET-000891,TRX-001287,ADM-005,2025-02-14 22:14:27
RET-000892,TRX-000521,ADM-002,2025-04-01 22:14:27
RET-000893,TRX-001321,ADM-002,2025-04-22 22:14:27
RET-000894,TRX-000081,ADM-005,2025-04-05 22:14:27
RET-000895,TRX-001145,ADM-002,2025-05-12 22:14:27
RET-000896,TRX-000766,ADM-005,2025-07-23 22:14:27
RET-000897,TRX-000382,ADM-002,2025-08-27 22:14:27
RET-000898,TRX-000686,ADM-001,2025-08-15 22:14:27
RET-000899,TRX-000868,ADM-002,2024-12-12 22:14:27
RET-000900,TRX-000922,ADM-002,2025-09-03 22:14:27
RET-000901,TRX-000453,ADM-002,2025-05-13 22:14:27
RET-000902,TRX-000894,ADM-001,2025-02-01 22:14:27
RET-000903,TRX-001458,ADM-002,2025-11-23 22:14:27
RET-000904,TRX-000272,ADM-004,2024-12-20 22:14:27
RET-000905,TRX-000761,ADM-003,2025-08-10 22:14:27
RET-000906,TRX-001366,ADM-001,2025-04-12 22:14:27
RET-000907,TRX-000207,ADM-005,2025-10-13 22:14:27
RET-000908,TRX-000254,ADM-002,2025-05-04 22:14:27
RET-000909,TRX-001046,ADM-003,2025-08-31 22:14:27
RET-000910,TRX-000379,ADM-004,2025-12-04 22:14:27
RET-000911,TRX-000334,ADM-003,2025-11-08 22:14:27
RET-000912,TRX-001055,ADM-003,2025-03-11 22:14:27
RET-000913,TRX-000976,ADM-002,2025-03-29 22:14:27
RET-000914,TRX-000729,ADM-005,2025-04-01 22:14:27
RET-000915,TRX-000273,ADM-001,2025-09-18 22:14:27
RET-000916,TRX-001322,ADM-005,2025-04-30 22:14:27
RET-000917,TRX-000536,ADM-004,2025-05-07 22:14:27
RET-000918,TRX-001282,ADM-002,2025-07-19 22:14:27
RET-000919,TRX-001266,ADM-004,2025-03-06 22:14:27
RET-000920,TRX-000638,ADM-001,2025-02-07 22:14:27
RET-000921,TRX-001218,ADM-003,2025-07-26 22:14:27
RET-000922,TRX-000333,ADM-005,2025-10-12 22:14:27
RET-000923,TRX-000096,ADM-005,2025-04-27 22:14:27
RET-000924,TRX-001169,ADM-001,2025-07-29 22:14:27
RET-000925,TRX-000479,ADM-004,2025-09-12 22:14:27
RET-000926,TRX-000184,ADM-002,2025-03-16 22:14:27
RET-000927,TRX-000689,ADM-004,2025-10-05 22:14:27
RET-000928,TRX-001247,ADM-005,2025-11-25 22:14:27
RET-000929,TRX-000527,ADM-002,2025-11-11 22:14:27
RET-000930,TRX-000738,ADM-001,2025-03-07 22:14:27
RET-000931,TRX-000404,ADM-005,2025-02-13 22:14:27
RET-000932,TRX-001340,ADM-002,2025-01-12 22:14:27
RET-000933,TRX-000899,ADM-004,2025-09-14 22:14:27
RET-000934,TRX-000994,ADM-001,2025-03-20 22:14:27
RET-000935,TRX-000189,ADM-001,2025-02-04 22:14:27
RET-000936,TRX-001211,ADM-001,2025-07-15 22:14:27
RET-000937,TRX-000386,ADM-004,2025-11-14 22:14:27
RET-000938,TRX-000644,ADM-001,2025-04-09 22:14:27
RET-000939,TRX-000155,ADM-002,2025-02-04 22:14:27
RET-000940,TRX-000736,ADM-003,2025-01-19 22:14:27
RET-000941,TRX-001265,ADM-002,2025-01-11 22:14:27
RET-000942,TRX-000408,ADM-002,2025-02-08 22:14:27
RET-000943,TRX-000688,ADM-001,2024-12-18 22:14:27
RET-000944,TRX-001505,ADM-001,2025-10-17 22:14:27
RET-000945,TRX-001423,ADM-003,2025-07-26 22:14:27
RET-000946,TRX-000031,ADM-005,2025-01-25 22:14:27
RET-000947,TRX-001053,ADM-005,2025-06-29 22:14:27
RET-000948,TRX-000211,ADM-003,2025-03-15 22:14:27
RET-000949,TRX-001065,ADM-002,2025-05-30 22:14:27
RET-000950,TRX-000817,ADM-003,2024-12-18 22:14:27
RET-000951,TRX-001307,ADM-001,2025-10-24 22:14:27
RET-000952,TRX-000036,ADM-004,2025-10-29 22:14:27
RET-000953,TRX-001338,ADM-003,2025-10-31 22:14:27
RET-000954,TRX-001191,ADM-004,2025-03-20 22:14:27
RET-000955,TRX-001301,ADM-001,2025-09-15 22:14:27
RET-000956,TRX-000339,ADM-003,2025-09-03 22:14:27
RET-000957,TRX-000979,ADM-004,2025-10-04 22:14:27
RET-000958,TRX-000767,ADM-003,2025-03-11 22:14:27
RET-000959,TRX-001216,ADM-004,2025-06-11 22:14:27
RET-000960,TRX-000563,ADM-003,2025-03-20 22:14:27
RET-000961,TRX-001252,ADM-004,2025-03-09 22:14:27
RET-000962,TRX-000747,ADM-002,2025-04-04 22:14:27
RET-000963,TRX-000636,ADM-005,2025-07-04 22:14:27
RET-000964,TRX-001390,ADM-001,2025-07-16 22:14:27
RET-000965,TRX-000764,ADM-002,2025-07-06 22:14:27
RET-000966,TRX-000779,ADM-001,2025-07-14 22:14:27
RET-000967,TRX-001110,ADM-003,2025-05-29 22:14:27
RET-000968,TRX-001226,ADM-003,2025-06-27 22:14:27
RET-000969,TRX-000168,ADM-003,2025-04-03 22:14:27
RET-000970,TRX-000784,ADM-001,2025-01-02 22:14:27
RET-000971,TRX-000514,ADM-003,2025-04-28 22:14:27
RET-000972,TRX-001511,ADM-001,2025-03-19 22:14:27
RET-000973,TRX-000607,ADM-003,2025-10-22 22:14:27
RET-000974,TRX-000603,ADM-005,2025-09-24 22:14:27
RET-000975,TRX-000439,ADM-005,2025-11-15 22:14:27
RET-000976,TRX-000181,ADM-003,2025-08-09 22:14:27
RET-000977,TRX-001508,ADM-001,2025-02-16 22:14:27
RET-000978,TRX-000337,ADM-004,2025-05-12 22:14:27
RET-000979,TRX-000342,ADM-001,2025-02-19 22:14:27
RET-000980,TRX-000765,ADM-002,2025-03-17 22:14:27
RET-000981,TRX-000723,ADM-002,2025-06-01 22:14:27
RET-000982,TRX-000340,ADM-003,2025-11-25 22:14:27
RET-000983,TRX-000212,ADM-001,2025-10-18 22:14:27
RET-000984,TRX-000097,ADM-005,2025-02-23 22:14:27
RET-000985,TRX-001470,ADM-001,2024-12-30 22:14:27
RET-000986,TRX-000940,ADM-005,2025-11-24 22:14:27
RET-000987,TRX-000982,ADM-002,2025-06-18 22:14:27
RET-000988,TRX-001203,ADM-003,2025-04-05 22:14:27
RET-000989,TRX-000302,ADM-004,2025-06-22 22:14:27
RET-000990,TRX-000354,ADM-003,2025-07-07 22:14:27
RET-000991,TRX-000662,ADM-001,2025-10-21 22:14:27
RET-000992,TRX-000741,ADM-005,2025-10-15 22:14:27
RET-000993,TRX-001233,ADM-003,2025-11-23 22:14:27
RET-000994,TRX-000092,ADM-003,2025-03-14 22:14:27
RET-000995,TRX-001288,ADM-001,2025-10-14 22:14:27
RET-000996,TRX-001253,ADM-004,2025-04-05 22:14:27
RET-000997,TRX-001269,ADM-001,2025-06-03 22:14:27
RET-000998,TRX-000413,ADM-001,2025-05-30 22:14:27
RET-000999,TRX-000649,ADM-005,2025-07-29 22:14:27
RET-001000,TRX-000619,ADM-004,2025-04-07 22:14:27
RET-001001,TRX-001173,ADM-001,2025-05-02 22:14:27
RET-001002,TRX-001407,ADM-003,2025-04-02 22:14:27
RET-001003,TRX-000259,ADM-001,2025-05-27 22:14:27
RET-001004,TRX-000414,ADM-003,2025-08-09 22:14:27
RET-001005,TRX-000014,ADM-002,2024-12-12 22:14:27
RET-001006,TRX-000327,ADM-002,2025-03-29 22:14:27
RET-001007,TRX-001131,ADM-005,2025-09-25 22:14:27
RET-001008,TRX-000621,ADM-004,2025-03-04 22:14:27
RET-001009,TRX-001452,ADM-001,2025-04-06 22:14:27
RET-001010,TRX-000137,ADM-002,2025-10-02 22:14:27
RET-001011,TRX-000977,ADM-001,2025-02-18 22:14:27
RET-001012,TRX-001260,ADM-001,2025-12-03 22:14:27
RET-001013,TRX-000047,ADM-003,2025-05-15 22:14:27
RET-001014,TRX-001314,ADM-001,2025-02-23 22:14:27
RET-001015,TRX-000509,ADM-002,2025-10-05 22:14:27
RET-001016,TRX-000011,ADM-003,2025-08-20 22:14:27
RET-001017,TRX-000227,ADM-002,2025-11-07 22:14:27
RET-001018,TRX-000423,ADM-005,2025-03-13 22:14:27
RET-001019,TRX-001229,ADM-003,2025-03-12 22:14:27
RET-001020,TRX-000513,ADM-001,2025-12-05 22:14:27
RET-001021,TRX-001095,ADM-002,2025-01-30 22:14:27
RET-001022,TRX-000859,ADM-002,2025-05-29 22:14:27
RET-001023,TRX-001419,ADM-002,2025-02-19 22:14:27
RET-001024,TRX-001381,ADM-005,2025-04-23 22:14:27
RET-001025,TRX-000288,ADM-003,2025-03-12 22:14:27
RET-001026,TRX-000625,ADM-001,2025-05-14 22:14:27
RET-001027,TRX-000025,ADM-003,2025-04-17 22:14:27
RET-001028,TRX-001277,ADM-001,2025-07-27 22:14:27
RET-001029,TRX-000542,ADM-005,2025-11-21 22:14:27
RET-001030,TRX-000570,ADM-001,2025-07-12 22:14:27
RET-001031,TRX-000508,ADM-001,2025-07-11 22:14:27
RET-001032,TRX-000220,ADM-005,2025-02-25 22:14:27
RET-001033,TRX-001362,ADM-005,2025-11-29 22:14:27
RET-001034,TRX-001049,ADM-005,2025-02-18 22:14:27
RET-001035,TRX-000947,ADM-002,2025-04-03 22:14:27
RET-001036,TRX-000474,ADM-005,2025-02-06 22:14:27
RET-001037,TRX-000953,ADM-004,2024-12-23 22:14:27
RET-001038,TRX-001118,ADM-002,2025-08-26 22:14:27
RET-001039,TRX-000397,ADM-001,2025-01-23 22:14:27
RET-001040,TRX-001248,ADM-001,2025-10-12 22:14:27
RET-001041,TRX-000050,ADM-001,2025-08-09 22:14:27
RET-001042,TRX-001199,ADM-003,2024-12-20 22:14:27
RET-001043,TRX-000282,ADM-005,2025-07-12 22:14:27
RET-001044,TRX-001133,ADM-005,2025-01-05 22:14:27
RET-001045,TRX-001359,ADM-002,2025-02-26 22:14:27
RET-001046,TRX-000669,ADM-003,2025-05-31 22:14:27
RET-001047,TRX-000237,ADM-003,2025-08-09 22:14:27
RET-001048,TRX-001208,ADM-005,2025-01-25 22:14:27
RET-001049,TRX-000123,ADM-001,2025-09-02 22:14:27
RET-001050,TRX-000539,ADM-005,2025-01-04 22:14:27
RET-001051,TRX-001261,ADM-003,2025-01-16 22:14:27
RET-001052,TRX-001126,ADM-005,2025-03-22 22:14:27
RET-001053,TRX-000694,ADM-005,2025-12-04 22:14:27
RET-001054,TRX-000418,ADM-002,2025-01-16 22:14:27
RET-001055,TRX-000075,ADM-001,2025-10-25 22:14:27
RET-001056,TRX-000850,ADM-004,2025-02-20 22:14:27
RET-001057,TRX-000543,ADM-002,2025-06-09 22:14:27
RET-001058,TRX-000294,ADM-001,2024-12-19 22:14:27
RET-001059,TRX-000720,ADM-001,2025-02-13 22:14:27
RET-001060,TRX-000126,ADM-004,2025-04-22 22:14:27
RET-001061,TRX-000059,ADM-001,2025-07-19 22:14:27
RET-001062,TRX-001089,ADM-004,2025-03-01 22:14:27
RET-001063,TRX-001294,ADM-003,2025-01-08 22:14:27
RET-001064,TRX-000444,ADM-002,2025-04-14 22:14:27
RET-001065,TRX-000923,ADM-005,2025-07-22 22:14:27
RET-001066,TRX-000904,ADM-005,2024-12-08 22:14:27
RET-001067,TRX-001387,ADM-003,2025-04-19 22:14:27
RET-001068,TRX-000146,ADM-004,2025-08-07 22:14:27
RET-001069,TRX-001206,ADM-004,2025-09-18 22:14:27
RET-001070,TRX-000113,ADM-001,2025-06-02 22:14:27
RET-001071,TRX-000396,ADM-001,2025-07-07 22:14:27
RET-001072,TRX-000972,ADM-002,2025-07-14 22:14:27
RET-001073,TRX-001291,ADM-001,2025-11-18 22:14:27
RET-001074,TRX-000785,ADM-005,2025-10-10 22:14:27
RET-001075,TRX-000505,ADM-003,2025-04-02 22:14:27
RET-001076,TRX-000471,ADM-001,2025-08-05 22:14:27
RET-001077,TRX-001235,ADM-004,2025-03-15 22:14:27
RET-001078,TRX-000054,ADM-002,2025-10-26 22:14:27
RET-001079,TRX-000524,ADM-004,2025-07-16 22:14:27
RET-001080,TRX-001036,ADM-003,2025-02-09 22:14:27
RET-001081,TRX-001159,ADM-004,2025-05-21 22:14:27
RET-001082,TRX-000682,ADM-003,2025-03-04 22:14:27
RET-001083,TRX-000325,ADM-001,2025-06-26 22:14:27
RET-001084,TRX-000041,ADM-005,2025-04-06 22:14:27
RET-001085,TRX-001187,ADM-001,2025-06-14 22:14:27
RET-001086,TRX-001027,ADM-005,2025-10-09 22:14:27
RET-001087,TRX-001459,ADM-001,2025-03-28 22:14:27
RET-001088,TRX-001313,ADM-002,2025-05-21 22:14:27
RET-001089,TRX-000497,ADM-005,2025-08-21 22:14:27
RET-001090,TRX-000154,ADM-001,2025-10-22 22:14:27
RET-001091,TRX-000034,ADM-005,2025-07-16 22:14:27
RET-001092,TRX-001125,ADM-004,2025-06-21 22:14:27
RET-001093,TRX-000610,ADM-001,2025-11-23 22:14:27
RET-001094,TRX-000304,ADM-001,2025-06-16 22:14:27
RET-001095,TRX-000658,ADM-001,2025-04-09 22:14:27
RET-001096,TRX-001070,ADM-005,2024-12-08 22:14:27
RET-001097,TRX-001197,ADM-001,2025-11-23 22:14:27
RET-001098,TRX-001502,ADM-005,2025-02-10 22:14:27
RET-001099,TRX-000105,ADM-001,2025-04-13 22:14:27
RET-001100,TRX-000199,ADM-005,2025-05-06 22:14:27
RET-001101,TRX-001087,ADM-003,2025-07-08 22:14:27
RET-001102,TRX-000616,ADM-003,2025-10-31 22:14:27
RET-001103,TRX-000208,ADM-004,2025-09-10 22:14:27
RET-001104,TRX-000063,ADM-002,2025-09-20 22:14:27
RET-001105,TRX-000875,ADM-005,2025-06-07 22:14:27
RET-001106,TRX-000672,ADM-003,2025-01-29 22:14:27
RET-001107,TRX-000355,ADM-003,2025-09-27 22:14:27
RET-001108,TRX-000412,ADM-004,2025-05-01 22:14:27
RET-001109,TRX-000835,ADM-003,2025-03-10 22:14:27
RET-001110,TRX-000908,ADM-005,2025-11-30 22:14:27
RET-001111,TRX-001075,ADM-005,2025-01-23 22:14:27
RET-001112,TRX-000250,ADM-003,2025-04-16 22:14:27
RET-001113,TRX-001039,ADM-002,2025-10-21 22:14:27
RET-001114,TRX-000911,ADM-003,2025-04-04 22:14:27
RET-001115,TRX-000992,ADM-005,2025-01-09 22:14:27
RET-001116,TRX-001045,ADM-002,2025-02-07 22:14:27
RET-001117,TRX-001091,ADM-001,2024-12-23 22:14:27
RET-001118,TRX-001194,ADM-001,2025-01-25 22:14:27
RET-001119,TRX-000335,ADM-002,2025-11-01 22:14:27
RET-001120,TRX-000353,ADM-002,2024-12-05 22:14:27
RET-001121,TRX-001285,ADM-003,2025-03-22 22:14:27
RET-001122,TRX-001234,ADM-005,2025-04-24 22:14:27
RET-001123,TRX-001270,ADM-005,2025-01-31 22:14:27
RET-001124,TRX-001214,ADM-003,2025-03-01 22:14:27
RET-001125,TRX-000826,ADM-005,2025-01-24 22:14:27
RET-001126,TRX-000161,ADM-004,2025-10-12 22:14:27
RET-001127,TRX-000501,ADM-003,2025-08-21 22:14:27
RET-001128,TRX-000583,ADM-005,2025-06-11 22:14:27
RET-001129,TRX-000341,ADM-005,2025-08-30 22:14:27
RET-001130,TRX-000467,ADM-003,2025-11-16 22:14:27
RET-001131,TRX-001251,ADM-005,2025-12-05 22:14:27
RET-001132,TRX-001051,ADM-001,2025-11-30 22:14:27
RET-001133,TRX-000076,ADM-004,2024-12-10 22:14:27
RET-001134,TRX-000712,ADM-005,2025-08-31 22:14:27
RET-001135,TRX-000668,ADM-002,2025-04-06 22:14:27
RET-001136,TRX-001231,ADM-004,2025-02-14 22:14:27
RET-001137,TRX-001292,ADM-005,2025-11-05 22:14:27
RET-001138,TRX-000698,ADM-001,2025-01-03 22:14:27
RET-001139,TRX-000660,ADM-001,2025-09-09 22:14:27
RET-001140,TRX-000853,ADM-005,2025-07-03 22:14:27
RET-001141,TRX-001290,ADM-001,2025-03-04 22:14:27
RET-001142,TRX-000361,ADM-004,2025-07-09 22:14:27
RET-001143,TRX-001303,ADM-005,2025-11-09 22:14:27
RET-001144,TRX-000196,ADM-003,2024-12-24 22:14:27
RET-001145,TRX-000998,ADM-001,2025-02-01 22:14:27
RET-001146,TRX-001116,ADM-005,2025-11-30 22:14:27
RET-001147,TRX-000493,ADM-003,2025-08-16 22:14:27
RET-001148,TRX-000573,ADM-003,2025-10-29 22:14:27
RET-001149,TRX-000347,ADM-005,2025-03-19 22:14:27
RET-001150,TRX-001267,ADM-002,2025-06-05 22:14:27
RET-001151,TRX-000200,ADM-003,2025-10-26 22:14:27
RET-001152,TRX-001471,ADM-003,2025-02-17 22:14:27
RET-001153,TRX-001121,ADM-003,2025-07-15 22:14:27
RET-001154,TRX-000506,ADM-003,2025-06-12 22:14:27
RET-001155,TRX-001386,ADM-005,2025-03-29 22:14:27
RET-001156,TRX-001188,ADM-004,2025-04-13 22:14:27
RET-001157,TRX-000574,ADM-003,2025-09-26 22:14:27
RET-001158,TRX-000205,ADM-002,2025-01-09 22:14:27
RET-001159,TRX-000871,ADM-004,2025-09-30 22:14:27
RET-001160,TRX-000705,ADM-003,2025-03-04 22:14:27
RET-001161,TRX-000365,ADM-004,2025-08-05 22:14:27
RET-001162,TRX-000643,ADM-005,2025-01-31 22:14:27
RET-001163,TRX-000084,ADM-005,2025-06-23 22:14:27
RET-001164,TRX-000278,ADM-004,2025-11-19 22:14:27
RET-001165,TRX-000246,ADM-003,2025-02-21 22:14:27
RET-001166,TRX-000559,ADM-005,2024-12-12 22:14:27
RET-001167,TRX-000959,ADM-002,2025-09-07 22:14:27
RET-001168,TRX-000267,ADM-002,2025-06-28 22:14:27
RET-001169,TRX-001438,ADM-005,2025-11-09 22:14:27
RET-001170,TRX-001195,ADM-002,2025-01-15 22:14:27
RET-001171,TRX-000399,ADM-001,2025-09-23 22:14:27
RET-001172,TRX-001317,ADM-005,2025-08-16 22:14:27
RET-001173,TRX-000974,ADM-002,2025-06-05 22:14:27
RET-001174,TRX-000867,ADM-003,2025-07-21 22:14:27
RET-001175,TRX-000870,ADM-004,2025-03-28 22:14:27
RET-001176,TRX-000224,ADM-005,2025-03-15 22:14:27
RET-001177,TRX-001309,ADM-004,2025-11-09 22:14:27
RET-001178,TRX-000128,ADM-001,2025-10-22 22:14:27
RET-001179,TRX-001161,ADM-002,2025-03-23 22:14:27
RET-001180,TRX-000517,ADM-001,2025-10-23 22:14:27
RET-001181,TRX-001324,ADM-003,2025-05-28 22:14:27
RET-001182,TRX-000912,ADM-003,2025-01-05 22:14:27
RET-001183,TRX-001097,ADM-005,2025-01-12 22:14:27
RET-001184,TRX-000358,ADM-002,2024-12-17 22:14:27
RET-001185,TRX-000889,ADM-002,2025-03-08 22:14:27
RET-001186,TRX-001380,ADM-003,2025-09-16 22:14:27
RET-001187,TRX-001082,ADM-003,2025-09-25 22:14:27
RET-001188,TRX-000465,ADM-002,2024-12-24 22:14:27
RET-001189,TRX-000571,ADM-004,2025-01-23 22:14:27
RET-001190,TRX-001479,ADM-005,2025-04-09 22:14:27
RET-001191,TRX-000930,ADM-004,2025-01-23 22:14:27
RET-001192,TRX-001328,ADM-004,2024-12-21 22:14:27
RET-001193,TRX-001264,ADM-004,2025-09-24 22:14:27
RET-001194,TRX-000869,ADM-001,2025-09-16 22:14:27
RET-001195,TRX-001130,ADM-001,2025-12-03 22:14:27
RET-001196,TRX-000348,ADM-003,2025-02-03 22:14:27
RET-001197,TRX-000290,ADM-005,2025-11-26 22:14:27
RET-001198,TRX-001336,ADM-003,2025-11-14 22:14:27
RET-001199,TRX-001308,ADM-002,2025-11-21 22:14:27
RET-001200,TRX-000985,ADM-005,2025-11-02 22:14:27
RET-001201,TRX-000525,ADM-002,2025-03-04 22:14:27
RET-001202,TRX-000328,ADM-004,2025-11-10 22:14:27
RET-001203,TRX-000719,ADM-004,2025-02-14 22:14:27
RET-001204,TRX-000987,ADM-004,2025-01-25 22:14:27
RET-001205,TRX-000072,ADM-003,2025-02-09 22:14:27
RET-001206,TRX-001154,ADM-004,2025-06-14 22:14:27
RET-001207,TRX-000519,ADM-003,2025-03-30 22:14:27
RET-001208,TRX-000933,ADM-004,2025-05-19 22:14:27
RET-001209,TRX-000685,ADM-001,2025-01-04 22:14:27
RET-001210,TRX-000317,ADM-002,2025-11-12 22:14:27
RET-001211,TRX-001295,ADM-005,2025-08-02 22:14:27
RET-001212,TRX-001193,ADM-001,2025-05-24 22:14:27
RET-001213,TRX-001289,ADM-004,2025-08-29 22:14:27
RET-001214,TRX-001074,ADM-001,2025-05-29 22:14:27
RET-001215,TRX-000605,ADM-001,2025-09-10 22:14:27
RET-001216,TRX-000654,ADM-003,2025-08-23 22:14:27
RET-001217,TRX-000093,ADM-005,2025-05-01 22:14:27
RET-001218,TRX-000380,ADM-005,2025-07-10 22:14:27
RET-001219,TRX-001250,ADM-002,2025-09-22 22:14:27
RET-001220,TRX-000394,ADM-005,2025-10-11 22:14:27
RET-001221,TRX-000646,ADM-001,2025-07-08 22:14:27
RET-001222,TRX-001019,ADM-001,2025-04-09 22:14:27
RET-001223,TRX-000149,ADM-002,2025-07-24 22:14:27
RET-001224,TRX-000022,ADM-002,2025-05-09 22:14:27
RET-001225,TRX-000520,ADM-002,2025-08-26 22:14:27
RET-001226,TRX-000359,ADM-001,2025-07-27 22:14:27
RET-001227,TRX-001201,ADM-005,2025-07-01 22:14:27
RET-001228,TRX-000411,ADM-003,2025-09-21 22:14:27
RET-001229,TRX-000447,ADM-003,2024-12-21 22:14:27
RET-001230,TRX-000415,ADM-004,2025-09-04 22:14:27
RET-001231,TRX-001063,ADM-005,2025-05-25 22:14:27
RET-001232,TRX-001117,ADM-003,2025-03-15 22:14:27
RET-001233,TRX-001353,ADM-002,2025-03-26 22:14:27
RET-001234,TRX-000874,ADM-004,2025-11-01 22:14:27
RET-001235,TRX-000206,ADM-004,2025-02-17 22:14:27
RET-001236,TRX-000799,ADM-003,2025-01-07 22:14:27
RET-001237,TRX-001316,ADM-002,2025-04-29 22:14:27
RET-001238,TRX-000329,ADM-004,2025-03-14 22:14:27
RET-001239,TRX-000306,ADM-005,2025-07-08 22:14:27
RET-001240,TRX-001358,ADM-004,2025-11-20 22:14:27
RET-001241,TRX-000074,ADM-003,2025-07-27 22:14:27
RET-001242,TRX-000185,ADM-005,2025-10-18 22:14:27
RET-001243,TRX-000324,ADM-005,2025-01-21 22:14:27
RET-001244,TRX-000252,ADM-005,2025-09-22 22:14:27
RET-001245,TRX-001198,ADM-005,2025-04-26 22:14:27
RET-001246,TRX-001420,ADM-004,2025-02-08 22:14:27
RET-001247,TRX-001494,ADM-001,2025-07-11 22:14:27
RET-001248,TRX-000569,ADM-003,2024-12-30 22:14:27
RET-001249,TRX-000106,ADM-001,2025-04-05 22:14:27
RET-001250,TRX-000138,ADM-003,2025-03-22 22:14:27
RET-001251,TRX-000028,ADM-005,2025-01-17 22:14:27
RET-001252,TRX-000968,ADM-004,2025-12-07 22:14:27
RET-001253,TRX-000721,ADM-002,2025-03-19 22:14:27
RET-001254,TRX-000842,ADM-005,2025-01-07 22:14:27
RET-001255,TRX-001209,ADM-002,2025-03-21 22:14:27
RET-001256,TRX-001368,ADM-004,2025-02-24 22:14:27
RET-001257,TRX-001113,ADM-005,2025-06-22 22:14:27
RET-001258,TRX-001396,ADM-005,2025-02-12 22:14:27
RET-001259,TRX-001401,ADM-002,2025-11-06 22:14:27
RET-001260,TRX-000909,ADM-001,2025-03-19 22:14:27
RET-001261,TRX-000872,ADM-003,2025-04-27 22:14:27
RET-001262,TRX-000751,ADM-004,2024-12-19 22:14:27
RET-001263,TRX-000780,ADM-002,2025-10-27 22:14:27
RET-001264,TRX-000214,ADM-002,2025-03-26 22:14:27
RET-001265,TRX-000130,ADM-002,2025-08-05 22:14:27
RET-001266,TRX-000383,ADM-003,2025-11-17 22:14:27
RET-001267,TRX-000772,ADM-002,2025-05-23 22:14:27
RET-001268,TRX-000125,ADM-004,2025-10-23 22:14:27
RET-001269,TRX-000265,ADM-005,2025-11-02 22:14:27
RET-001270,TRX-000670,ADM-003,2025-02-12 22:14:27
RET-001271,TRX-001448,ADM-002,2025-02-09 22:14:27
RET-001272,TRX-000791,ADM-004,2025-03-21 22:14:27
RET-001273,TRX-001320,ADM-002,2025-10-08 22:14:27
RET-001274,TRX-001399,ADM-003,2025-09-06 22:14:27
RET-001275,TRX-000422,ADM-005,2025-07-25 22:14:27
RET-001276,TRX-001031,ADM-004,2025-01-19 22:14:27
RET-001277,TRX-000134,ADM-003,2025-11-06 22:14:27
RET-001278,TRX-001245,ADM-005,2025-03-28 22:14:27
RET-001279,TRX-001157,ADM-001,2025-04-20 22:14:27
RET-001280,TRX-000062,ADM-003,2025-07-31 22:14:27
RET-001281,TRX-000073,ADM-002,2025-07-22 22:14:27
RET-001282,TRX-000351,ADM-001,2025-12-01 22:14:27
RET-001283,TRX-001009,ADM-004,2025-05-28 22:14:27
RET-001284,TRX-000345,ADM-005,2025-04-02 22:14:27
RET-001285,TRX-000824,ADM-002,2025-01-04 22:14:27
RET-001286,TRX-001217,ADM-004,2025-05-01 22:14:27
RET-001287,TRX-000727,ADM-002,2025-10-27 22:14:27
RET-001288,TRX-001034,ADM-001,2025-11-14 22:14:27
RET-001289,TRX-000656,ADM-004,2025-04-16 22:14:27
RET-001290,TRX-000811,ADM-004,2025-11-30 22:14:27
RET-001291,TRX-000299,ADM-003,2025-11-09 22:14:27
RET-001292,TRX-000855,ADM-005,2024-12-20 22:14:27
RET-001293,TRX-001015,ADM-004,2025-09-07 22:14:27
RET-001294,TRX-000157,ADM-002,2025-07-19 22:14:27
RET-001295,TRX-000066,ADM-003,2025-10-23 22:14:27
RET-001296,TRX-001098,ADM-003,2025-10-27 22:14:27
RET-001297,TRX-000896,ADM-003,2025-07-31 22:14:27
RET-001298,TRX-000221,ADM-005,2025-08-18 22:14:27
RET-001299,TRX-001052,ADM-004,2025-09-17 22:14:27
RET-001300,TRX-000592,ADM-005,2025-07-01 22:14:27
RET-001301,TRX-000070,ADM-004,2025-05-29 22:14:27
RET-001302,TRX-000373,ADM-002,2025-11-14 22:14:27
RET-001303,TRX-000068,ADM-003,2025-11-27 22:14:27
RET-001304,TRX-001341,ADM-002,2025-09-17 22:14:27
RET-001305,TRX-000942,ADM-002,2025-03-12 22:14:27
RET-001306,TRX-000560,ADM-004,2025-06-04 22:14:27
RET-001307,TRX-000449,ADM-005,2025-04-05 22:14:27
RET-001308,TRX-000759,ADM-003,2025-04-06 22:14:27
RET-001309,TRX-000491,ADM-005,2025-08-30 22:14:27
RET-001310,TRX-001236,ADM-005,2025-01-15 22:14:27
RET-001311,TRX-000283,ADM-003,2025-07-15 22:14:27
RET-001312,TRX-000555,ADM-004,2025-10-03 22:14:27
RET-001313,TRX-000562,ADM-004,2025-02-28 22:14:27
RET-001314,TRX-001283,ADM-002,2025-04-06 22:14:27
RET-001315,TRX-001457,ADM-001,2025-02-20 22:14:27
RET-001316,TRX-001394,ADM-001,2025-01-23 22:14:27
RET-001317,TRX-001510,ADM-001,2025-02-28 22:14:27
RET-001318,TRX-000579,ADM-002,2025-04-03 22:14:27
RET-001319,TRX-000768,ADM-003,2025-09-25 22:14:27
RET-001320,TRX-000529,ADM-003,2025-11-04 22:14:27
RET-001321,TRX-000286,ADM-003,2025-06-08 22:14:27
RET-001322,TRX-001230,ADM-004,2025-10-01 22:14:27
RET-001323,TRX-001061,ADM-002,2025-10-08 22:14:27
RET-001324,TRX-000726,ADM-004,2025-11-07 22:14:27
RET-001325,TRX-000018,ADM-005,2025-02-06 22:14:27
RET-001326,TRX-000609,ADM-001,2025-10-16 22:14:27
RET-001327,TRX-000587,ADM-001,2025-07-03 22:14:27
RET-001328,TRX-000589,ADM-001,2025-11-11 22:14:27
RET-001329,TRX-000472,ADM-002,2025-10-19 22:14:27
RET-001330,TRX-000667,ADM-003,2025-09-23 22:14:27
RET-001331,TRX-000544,ADM-005,2025-02-27 22:14:27
RET-001332,TRX-000664,ADM-003,2024-12-14 22:14:27
RET-001333,TRX-000173,ADM-004,2025-09-06 22:14:27
RET-001334,TRX-000655,ADM-004,2025-07-09 22:14:27
RET-001335,TRX-001041,ADM-003,2025-11-08 22:14:27
RET-001336,TRX-000821,ADM-004,2025-05-08 22:14:27
RET-001337,TRX-000331,ADM-001,2025-04-26 22:14:27
RET-001338,TRX-001079,ADM-005,2025-07-26 22:14:27
RET-001339,TRX-000865,ADM-005,2025-03-12 22:14:27
RET-001340,TRX-000061,ADM-001,2025-10-13 22:14:27
RET-001341,TRX-000101,ADM-005,2025-09-29 22:14:27
RET-001342,TRX-000426,ADM-004,2025-08-01 22:14:27
RET-001343,TRX-001298,ADM-004,2025-07-23 22:14:27
RET-001344,TRX-001244,ADM-001,2025-11-07 22:14:27
RET-001345,TRX-000740,ADM-003,2025-08-25 22:14:27
RET-001346,TRX-000584,ADM-001,2025-05-15 22:14:27
RET-001347,TRX-000663,ADM-002,2025-11-30 22:14:27
RET-001348,TRX-000427,ADM-001,2025-03-02 22:14:27
RET-001349,TRX-001048,ADM-005,2025-10-07 22:14:27
RET-001350,TRX-001000,ADM-005,2025-01-25 22:14:27
RET-001351,TRX-001138,ADM-001,2025-08-14 22:14:27
RET-001352,TRX-000232,ADM-003,2025-05-03 22:14:27
RET-001353,TRX-001069,ADM-005,2025-09-26 22:14:27
RET-001354,TRX-001105,ADM-004,2025-10-05 22:14:27
RET-001355,TRX-000535,ADM-005,2025-06-24 22:14:27
RET-001356,TRX-001005,ADM-002,2025-09-12 22:14:27
RET-001357,TRX-000962,ADM-002,2024-12-05 22:14:27
RET-001358,TRX-000503,ADM-003,2025-10-03 22:14:27
RET-001359,TRX-001388,ADM-003,2025-08-13 22:14:27
RET-001360,TRX-000700,ADM-004,2025-09-16 22:14:27
RET-001361,TRX-000323,ADM-003,2025-11-28 22:14:27
RET-001362,TRX-001481,ADM-005,2025-03-02 22:14:27
RET-001363,TRX-001241,ADM-003,2025-07-28 22:14:27
RET-001364,TRX-001424,ADM-004,2025-01-27 22:14:27
RET-001365,TRX-000271,ADM-005,2025-09-17 22:14:27
RET-001366,TRX-000099,ADM-005,2025-05-14 22:14:27
RET-001367,TRX-001350,ADM-003,2025-12-06 22:14:27
RET-001368,TRX-001453,ADM-001,2025-02-27 22:14:27
RET-001369,TRX-000419,ADM-004,2025-07-12 22:14:27
RET-001370,TRX-000486,ADM-003,2025-03-17 22:14:27
RET-001371,TRX-000262,ADM-002,2025-03-08 22:14:27
RET-001372,TRX-000266,ADM-003,2025-04-24 22:14:27
RET-001373,TRX-001174,ADM-003,2025-08-07 22:14:27
RET-001374,TRX-000480,ADM-001,2025-04-28 22:14:27
RET-001375,TRX-001312,ADM-004,2025-05-24 22:14:27
RET-001376,TRX-000120,ADM-003,2025-03-12 22:14:27
RET-001377,TRX-001220,ADM-005,2025-03-05 22:14:27
RET-001378,TRX-000191,ADM-002,2025-05-26 22:14:27
RET-001379,TRX-000367,ADM-005,2025-07-17 22:14:27
RET-001380,TRX-001496,ADM-003,2024-12-31 22:14:27
RET-001381,TRX-000027,ADM-001,2025-10-31 22:14:27
RET-001382,TRX-000004,ADM-005,2025-01-22 22:14:27
RET-001383,TRX-000954,ADM-005,2025-06-26 22:14:27
RET-001384,TRX-000808,ADM-004,2025-09-18 22:14:27
RET-001385,TRX-001360,ADM-003,2025-03-24 22:14:27
RET-001386,TRX-000706,ADM-003,2025-04-23 22:14:27
RET-001387,TRX-000293,ADM-003,2025-08-11 22:14:27
RET-001388,TRX-001465,ADM-001,2025-08-30 22:14:27
RET-001389,TRX-000789,ADM-003,2025-09-20 22:14:27
RET-001390,TRX-001484,ADM-002,2025-10-01 22:14:27
RET-001391,TRX-001501,ADM-002,2025-05-03 22:14:27
RET-001392,TRX-001151,ADM-002,2025-08-25 22:14:27
RET-001393,TRX-001427,ADM-002,2024-12-27 22:14:27
RET-001394,TRX-001179,ADM-001,2025-10-12 22:14:27
RET-001395,TRX-000839,ADM-004,2025-06-22 22:14:27
RET-001396,TRX-000204,ADM-003,2025-06-26 22:14:27
RET-001397,TRX-001254,ADM-001,2024-12-28 22:14:27
RET-001398,TRX-000314,ADM-004,2025-09-03 22:14:27
RET-001399,TRX-000790,ADM-003,2025-07-11 22:14:27
RET-001400,TRX-000739,ADM-005,2025-05-16 22:14:27
RET-001401,TRX-000823,ADM-002,2025-12-04 22:14:27
RET-001402,TRX-001491,ADM-005,2025-10-05 22:14:27
RET-001403,TRX-000816,ADM-004,2025-05-13 22:14:27
RET-001404,TRX-000537,ADM-001,2025-10-20 22:14:27
RET-001405,TRX-001011,ADM-003,2025-07-21 22:14:27
RET-001406,TRX-001221,ADM-003,2025-07-07 22:14:27
RET-001407,TRX-001162,ADM-004,2025-09-21 22:14:27
RET-001408,TRX-000039,ADM-001,2024-12-21 22:14:27
RET-001409,TRX-001164,ADM-005,2025-08-19 22:14:27
RET-001410,TRX-000274,ADM-003,2025-01-31 22:14:27
RET-001411,TRX-001085,ADM-004,2025-09-27 22:14:27
RET-001412,TRX-000219,ADM-002,2025-02-01 22:14:27
RET-001413,TRX-000512,ADM-003,2025-05-21 22:14:27
RET-001414,TRX-001488,ADM-001,2025-08-05 22:14:27
RET-001415,TRX-000903,ADM-005,2025-01-29 22:14:27
RET-001416,TRX-001029,ADM-004,2025-04-18 22:14:27
RET-001417,TRX-001437,ADM-002,2025-10-10 22:14:27
RET-001418,TRX-000256,ADM-002,2025-08-16 22:14:27
RET-001419,TRX-000456,ADM-004,2025-05-11 22:14:27
RET-001420,TRX-000462,ADM-001,2024-12-15 22:14:27
RET-001421,TRX-000395,ADM-003,2025-06-10 22:14:27
RET-001422,TRX-000929,ADM-005,2025-01-11 22:14:27
RET-001423,TRX-000622,ADM-002,2025-06-30 22:14:27
RET-001424,TRX-000728,ADM-004,2024-12-30 22:14:27
RET-001425,TRX-000083,ADM-004,2025-01-06 22:14:27
RET-001426,TRX-001103,ADM-001,2025-06-02 22:14:27
RET-001427,TRX-000577,ADM-002,2025-11-25 22:14:27
RET-001428,TRX-000370,ADM-005,2025-08-15 22:14:27
RET-001429,TRX-000058,ADM-001,2025-09-07 22:14:27
RET-001430,TRX-000048,ADM-005,2025-08-26 22:14:27
RET-001431,TRX-001122,ADM-001,2025-05-04 22:14:27
RET-001432,TRX-000153,ADM-001,2025-03-28 22:14:27
RET-001433,TRX-000495,ADM-004,2025-10-27 22:14:27
RET-001434,TRX-000443,ADM-004,2025-10-02 22:14:27
RET-001435,TRX-000843,ADM-005,2025-04-28 22:14:27
RET-001436,TRX-000601,ADM-001,2024-12-17 22:14:27
RET-001437,TRX-001485,ADM-002,2025-09-28 22:14:27
RET-001438,TRX-001372,ADM-002,2025-01-04 22:14:27
RET-001439,TRX-000013,ADM-002,2025-06-19 22:14:27
RET-001440,TRX-000441,ADM-004,2025-06-14 22:14:27
RET-001441,TRX-001066,ADM-002,2025-01-03 22:14:27
RET-001442,TRX-000888,ADM-003,2025-03-02 22:14:27
RET-001443,TRX-001498,ADM-005,2025-06-18 22:14:27
RET-001444,TRX-001158,ADM-003,2025-03-27 22:14:27
RET-001445,TRX-000829,ADM-003,2025-04-02 22:14:27
RET-001446,TRX-000795,ADM-005,2025-08-28 22:14:27
RET-001447,TRX-001136,ADM-001,2025-10-23 22:14:27
RET-001448,TRX-000425,ADM-001,2025-06-29 22:14:27
RET-001449,TRX-000965,ADM-003,2025-06-22 22:14:27
RET-001450,TRX-000131,ADM-003,2025-08-10 22:14:27
RET-001451,TRX-000142,ADM-005,2025-07-27 22:14:27
RET-001452,TRX-000697,ADM-005,2025-03-06 22:14:27
RET-001453,TRX-000177,ADM-005,2025-10-13 22:14:27
RET-001454,TRX-000234,ADM-003,2025-08-10 22:14:27
RET-001455,TRX-001351,ADM-002,2025-10-25 22:14:27
RET-001456,TRX-000818,ADM-002,2025-02-03 22:14:27
RET-001457,TRX-001400,ADM-005,2025-01-04 22:14:27
RET-001458,TRX-000051,ADM-003,2025-02-24 22:14:27
RET-001459,TRX-001445,ADM-004,2025-04-27 22:14:27
RET-001460,TRX-000964,ADM-003,2025-10-20 22:14:27
RET-001461,TRX-000356,ADM-001,2025-07-23 22:14:27
RET-001462,TRX-000010,ADM-002,2025-09-18 22:14:27
RET-001463,TRX-001315,ADM-005,2025-10-26 22:14:27
RET-001464,TRX-001355,ADM-001,2025-06-16 22:14:27
RET-001465,TRX-001204,ADM-001,2025-05-11 22:14:27
RET-001466,TRX-001297,ADM-005,2025-01-31 22:14:27
RET-001467,TRX-000731,ADM-002,2025-11-18 22:14:27
RET-001468,TRX-000620,ADM-003,2025-04-06 22:14:27
RET-001469,TRX-001500,ADM-003,2025-10-27 22:14:27
RET-001470,TRX-000540,ADM-001,2025-11-01 22:14:27
RET-001471,TRX-000008,ADM-003,2025-03-09 22:14:27
RET-001472,TRX-000424,ADM-004,2025-10-18 22:14:27
RET-001473,TRX-000087,ADM-005,2025-11-04 22:14:27
RET-001474,TRX-000160,ADM-002,2025-02-13 22:14:27
RET-001475,TRX-001001,ADM-001,2025-05-23 22:14:27
RET-001476,TRX-000255,ADM-004,2025-05-01 22:14:27
RET-001477,TRX-000005,ADM-004,2025-09-24 22:14:27
RET-001478,TRX-001156,ADM-004,2025-03-05 22:14:27
RET-001479,TRX-001022,ADM-002,2025-08-30 22:14:27
RET-001480,TRX-001311,ADM-005,2024-12-28 22:14:27
RET-001481,TRX-000647,ADM-005,2025-11-07 22:14:27
RET-001482,TRX-001109,ADM-004,2025-10-28 22:14:27
RET-001483,TRX-000939,ADM-002,2025-08-10 22:14:27
RET-001484,TRX-001408,ADM-003,2025-03-25 22:14:27
RET-001485,TRX-000594,ADM-005,2025-07-11 22:14:27
RET-001486,TRX-001141,ADM-003,2024-12-25 22:14:27
RET-001487,TRX-000145,ADM-001,2025-01-01 22:14:27
RET-001488,TRX-000107,ADM-002,2025-10-28 22:14:27
RET-001489,TRX-001071,ADM-004,2025-11-16 22:14:27
RET-001490,TRX-000876,ADM-004,2025-04-22 22:14:27
RET-001491,TRX-000881,ADM-002,2025-11-12 22:14:27
RET-001492,TRX-000300,ADM-001,2025-03-19 22:14:27
RET-001493,TRX-000228,ADM-002,2025-10-10 22:14:27
RET-001494,TRX-000192,ADM-001,2025-11-15 22:14:27
RET-001495,TRX-000080,ADM-002,2025-08-01 22:14:27
RET-001496,TRX-001509,ADM-002,2025-07-14 22:14:27
RET-001497,TRX-001186,ADM-004,2025-07-19 22:14:27
RET-001498,TRX-000566,ADM-003,2025-06-12 22:14:27
RET-001499,TRX-000814,ADM-005,2025-02-15 22:14:27
RET-001500,TRX-001028,ADM-004,2025-01-31 22:14:27
